0,-0.005392576567828655,0.37994247674942017,0.0
1,0.07020306587219238,0.3803940415382385,0.0
2,0.08205749094486237,0.3799452781677246,0.0
3,0.08544483035802841,0.3801131248474121,0.0
4,0.10926420241594315,0.38061195611953735,0.0
5,0.12415306270122528,0.38168400526046753,0.0
6,0.09642047435045242,0.380151629447937,0.0
7,-0.04226215183734894,0.38004040718078613,0.0
8,-0.12493714690208435,0.38210999965667725,0.0
9,-0.12457065284252167,0.3813279867172241,0.0
10,-0.12690037488937378,0.3804578185081482,0.0
11,-0.12194748967885971,0.3803102970123291,0.0
12,-0.12408824265003204,0.38057941198349,0.0
13,-0.12376756221055984,0.3804752826690674,0.0
14,-0.12251928448677063,0.3803698420524597,0.0
15,-0.12079367786645889,0.38056159019470215,0.0
16,-0.10389157384634018,0.379755437374115,0.0
17,-0.005084671080112457,0.3788912296295166,0.0
18,0.10424508154392242,0.380967915058136,0.0
19,0.10948943346738815,0.3803001642227173,0.0
20,0.09149927645921707,0.37971067428588867,0.0
21,0.07239655405282974,0.37941163778305054,0.0
22,0.05831780657172203,0.3794398903846741,0.0
23,0.03482821583747864,0.37940359115600586,0.0
24,0.000636435579508543,0.3793681263923645,0.0
25,0.001061231829226017,0.3793676495552063,0.0
26,-0.0006462892051786184,0.37932759523391724,0.0
27,-0.0006035640835762024,0.0,1.0
28,-0.0006035640835762024,0.0,1.0
29,-0.0006035640835762024,0.0,1.0
30,-2.3888424038887024e-06,0.3791620135307312,0.0
31,0.0010114156175404787,0.3793712854385376,0.0
32,-0.0007414845749735832,0.3795372247695923,0.0
33,-0.00395723432302475,0.0,1.0
34,-0.00395723432302475,0.0,1.0
35,-0.00395723432302475,0.0,1.0
36,-0.00395723432302475,0.0,1.0
37,0.15841569006443024,0.398373007774353,0.0
38,0.3120965361595154,0.38501155376434326,0.0
39,0.33327317237854004,0.3889199495315552,0.0
40,0.28312960267066956,0.3830595016479492,0.0
41,0.17369568347930908,0.37864065170288086,0.0
42,-0.0008961409330368042,0.3793866038322449,0.0
43,0.000661003403365612,0.37935328483581543,0.0
44,-0.027740342542529106,0.0,1.0
45,-0.027740342542529106,0.0,1.0
46,-0.027740342542529106,0.0,1.0
47,-0.007317742332816124,0.699999988079071,0.0
48,0.12521474063396454,0.40464943647384644,0.0
49,0.2794959843158722,0.39085280895233154,0.0
50,0.4277474880218506,0.3970819115638733,0.0
51,0.26730650663375854,0.3611201047897339,0.0
52,0.1661546379327774,0.4330276846885681,0.0
53,-0.017104633152484894,0.699999988079071,0.0
54,0.0064078085124492645,0.5260363221168518,0.0
55,-0.03906749561429024,0.0,1.0
56,-0.03905462101101875,0.0,1.0
57,-0.039040133357048035,0.0,1.0
58,-0.03902779519557953,0.0,1.0
59,0.021135207265615463,0.4484899640083313,0.0
60,-0.003809142392128706,0.3788134455680847,0.0
61,-0.0018792275805026293,0.37936967611312866,0.0
62,0.0026010223664343357,0.3679734468460083,0.0
63,-0.004092108923941851,0.20687802135944366,0.0
64,0.0018732103053480387,0.2091655284166336,0.0
65,0.11322417855262756,0.2824646234512329,0.0
66,0.3314875066280365,0.3595873713493347,0.0
67,0.36605846881866455,0.3783038258552551,0.0
68,0.240914449095726,0.371526837348938,0.0
69,0.15471947193145752,0.3785858154296875,0.0
70,-0.0025556720793247223,0.3794364929199219,0.0
71,0.05495987460017204,0.3800033926963806,0.0
72,0.25903481245040894,0.3861241340637207,0.0
73,0.2271595299243927,0.3833407163619995,0.0
74,0.11047564446926117,0.37764692306518555,0.0
75,0.07120005041360855,0.37972021102905273,0.0
76,0.057075269520282745,0.3793119788169861,0.0
77,0.07111036777496338,0.38002145290374756,0.0
78,0.08428658545017242,0.379491925239563,0.0
79,0.08236880600452423,0.3798144459724426,0.0
80,0.07604309171438217,0.3796845078468323,0.0
81,0.05698654055595398,0.3794366717338562,0.0
82,0.00046016648411750793,0.3793746829032898,0.0
83,0.0006845388561487198,0.3793673515319824,0.0
84,0.00024944916367530823,0.3793696165084839,0.0
85,-0.0023037369828671217,0.0,1.0
86,-0.0023037369828671217,0.0,1.0
87,-0.0023037369828671217,0.0,1.0
88,-0.0023037369828671217,0.0,1.0
89,-0.0023037369828671217,0.0,1.0
90,-0.0023037369828671217,0.0,1.0
91,-0.0021715930197387934,0.699999988079071,0.0
92,0.06485413014888763,0.4110516905784607,0.0
93,0.2380065768957138,0.3915606737136841,0.0
94,0.3995674252510071,0.4026743769645691,0.0
95,0.30415600538253784,0.3999965190887451,0.0
96,0.17492669820785522,0.4140780568122864,0.0
97,-0.018300123512744904,0.48896920680999756,0.0
98,0.002187022939324379,0.5873967409133911,0.0
99,-0.022984642535448074,0.0,1.0
100,-0.018092436715960503,0.0,1.0
101,-0.018083317205309868,0.0,1.0
102,-0.018076878041028976,0.0,1.0
103,-0.01807151362299919,0.0,1.0
104,-0.018064001575112343,0.0,1.0
105,-0.018056491389870644,0.0,1.0
106,-0.01805112697184086,0.0,1.0
107,-0.01804415136575699,0.0,1.0
108,-0.018034495413303375,0.0,1.0
109,-0.01802966557443142,0.0,1.0
110,0.07608422636985779,0.4769818186759949,0.0
111,0.30175650119781494,0.4028911590576172,0.0
112,0.34758463501930237,0.38722121715545654,0.0
113,0.3135188817977905,0.3642503023147583,0.0
114,0.18305428326129913,0.3758782148361206,0.0
115,0.0009550713002681732,0.3793821930885315,0.0
116,0.0004887282848358154,0.37220561504364014,0.0
117,0.0005365898832678795,0.2285139262676239,0.0
118,7.714144885540009e-05,0.20596612989902496,0.0
119,0.14592529833316803,0.2984505891799927,0.0
120,0.3490443825721741,0.362887978553772,0.0
121,0.3217112720012665,0.3888254165649414,0.0
122,0.2182210087776184,0.3745192885398865,0.0
123,0.14531509578227997,0.37714093923568726,0.0
124,-0.004493311047554016,0.37945038080215454,0.0
125,0.007945317775011063,0.379382848739624,0.0
126,0.07739952951669693,0.3829299211502075,0.0
127,0.26281067728996277,0.3913309574127197,0.0
128,0.20166659355163574,0.3802086114883423,0.0
129,0.10548310726881027,0.3794317841529846,0.0
130,0.06306654959917068,0.37941431999206543,0.0
131,0.05607692152261734,0.37953490018844604,0.0
132,0.0737454816699028,0.37993448972702026,0.0
133,0.08262290805578232,0.37985122203826904,0.0
134,0.08323062211275101,0.37984609603881836,0.0
135,0.0726085901260376,0.37964552640914917,0.0
136,0.05234527587890625,0.3794686794281006,0.0
137,-0.00047991611063480377,0.37936925888061523,0.0
138,0.0008399598300457001,0.37936848402023315,0.0
139,0.0002394316252321005,0.3793641924858093,0.0
140,0.00021124311024323106,0.3793652057647705,0.0
141,5.32145204488188e-05,0.3793867826461792,0.0
142,1.0451985872350633e-06,0.37936973571777344,0.0
143,-0.0001470013812649995,0.0,1.0
144,-0.0001470013812649995,0.0,1.0
145,-0.0001470013812649995,0.0,1.0
146,-0.0001470013812649995,0.0,1.0
147,-0.0001470013812649995,0.0,1.0
148,-0.0001470013812649995,0.0,1.0
149,-0.0001470013812649995,0.0,1.0
150,-0.00017591853975318372,0.699999988079071,0.0
151,0.12336467951536179,0.3929790258407593,0.0
152,0.29388627409935,0.3917570114135742,0.0
153,0.4025808572769165,0.38835179805755615,0.0
154,0.3081139028072357,0.38370412588119507,0.0
155,0.17560546100139618,0.3780805468559265,0.0
156,0.055814504623413086,0.37770432233810425,0.0
157,-0.019035212695598602,0.37953096628189087,0.0
158,0.00037841685116291046,0.37920331954956055,0.0
159,-0.026251014322042465,0.0,1.0
160,-0.026251014322042465,0.0,1.0
161,-0.026251014322042465,0.0,1.0
162,-0.026251014322042465,0.0,1.0
163,0.12420602142810822,0.39435720443725586,0.0
164,0.25831085443496704,0.38909727334976196,0.0
165,0.39417609572410583,0.39306527376174927,0.0
166,0.33557814359664917,0.3702411651611328,0.0
167,0.17512094974517822,0.4026558995246887,0.0
168,0.00823347270488739,0.628545880317688,0.0
169,-0.043732911348342896,0.0,1.0
170,-0.08970531821250916,0.4723902940750122,0.0
171,-0.229688361287117,0.4005926847457886,0.0
172,-0.2456115186214447,0.3822252154350281,0.0
173,-0.23531487584114075,0.377341091632843,0.0
174,-0.19599385559558868,0.3750453591346741,0.0
175,-0.15139690041542053,0.3805338144302368,0.0
176,0.011437252163887024,0.37941116094589233,0.0
177,-0.0012357570230960846,0.37936848402023315,0.0
178,0.03159617632627487,0.0,1.0
179,0.03159617632627487,0.0,1.0
180,0.03159617632627487,0.0,1.0
181,0.03159617632627487,0.0,1.0
182,0.03159617632627487,0.0,1.0
183,0.03159617632627487,0.0,1.0
184,0.03159617632627487,0.0,1.0
185,-0.09682503342628479,0.38962501287460327,0.0
186,-0.187246173620224,0.38424092531204224,0.0
187,-0.21365255117416382,0.38280922174453735,0.0
188,-0.2093508392572403,0.3824060559272766,0.0
189,-0.2140217274427414,0.37905454635620117,0.0
190,-0.1922551691532135,0.3348610997200012,0.0
191,-0.14758512377738953,0.24339435994625092,0.0
192,0.001326434314250946,0.12805426120758057,0.0
193,0.030684243887662888,0.0,1.0
194,0.030678223818540573,0.0,1.0
195,0.03067178465425968,0.0,1.0
196,0.030673155561089516,0.0,1.0
197,0.030653543770313263,0.0,1.0
198,0.030646570026874542,0.0,1.0
199,0.030635302886366844,0.0,1.0
200,0.030628865584731102,0.0,1.0
201,0.07618503272533417,0.3598836660385132,0.0
202,0.2714073956012726,0.3881397247314453,0.0
203,0.34972402453422546,0.3942040801048279,0.0
204,0.22621454298496246,0.38130074739456177,0.0
205,0.1555238962173462,0.37883710861206055,0.0
206,-0.0048555731773376465,0.3786618709564209,0.0
207,0.0007771365344524384,0.3793858289718628,0.0
208,0.08106572926044464,0.38134288787841797,0.0
209,0.11360616981983185,0.3807526230812073,0.0
210,0.11001601815223694,0.38016414642333984,0.0
211,0.09757751226425171,0.37991923093795776,0.0
212,0.09255147725343704,0.3799409866333008,0.0
213,0.08985503017902374,0.37991631031036377,0.0
214,0.09028396010398865,0.37995803356170654,0.0
215,0.08132524788379669,0.3798069953918457,0.0
216,0.06388247013092041,0.3794543147087097,0.0
217,0.03080761805176735,0.3794856667518616,0.0
218,0.028151988983154297,0.3793317675590515,0.0
219,0.0009761592373251915,0.3793676495552063,0.0
220,0.0008584507741034031,0.379366397857666,0.0
221,-0.00018323445692658424,0.3793647289276123,0.0
222,0.00021810602629557252,0.37936609983444214,0.0
223,0.000249838107265532,0.37933725118637085,0.0
224,-0.0001447296526748687,0.699999988079071,0.0
225,-0.0002035055513260886,0.379364550113678,0.0
226,-0.00016604240227025002,0.37965524196624756,0.0
227,0.0003027947968803346,0.37936538457870483,0.0
228,0.0003546622465364635,0.3809325695037842,0.0
229,-0.00046241440577432513,0.39097028970718384,0.0
230,-0.00026536444784142077,0.699999988079071,0.0
231,0.05862243101000786,0.6748757362365723,0.0
232,0.06366094201803207,0.6589608192443848,0.0
233,0.0623653382062912,0.6562800407409668,0.0
234,0.06280460953712463,0.6555418968200684,0.0
235,0.04176108166575432,0.652174174785614,0.0
236,0.0022543668746948242,0.6198781728744507,0.0
237,-0.0014921650290489197,0.08473692834377289,0.0
238,0.001176727470010519,0.5122154355049133,0.0
239,-0.00011900506797246635,0.3785516619682312,0.0
240,0.2687361240386963,0.3976937532424927,0.0
241,0.604066014289856,0.38252198696136475,0.0
242,0.2537000775337219,0.3732762932777405,0.0
243,0.14206218719482422,0.377751886844635,0.0
244,-0.01764531433582306,0.380573034286499,0.0
245,-0.0004189126193523407,0.3795071244239807,0.0
246,-0.050986409187316895,0.0,1.0
247,-0.050221361219882965,0.0,1.0
248,-0.05022082477807999,0.0,1.0
249,-0.05022082477807999,0.0,1.0
250,-0.05022082477807999,0.0,1.0
251,-0.05022082477807999,0.0,1.0
252,-0.05022082477807999,0.0,1.0
253,-0.05022082477807999,0.0,1.0
254,-0.05022082477807999,0.0,1.0
255,-0.05022082477807999,0.0,1.0
256,-0.05022082477807999,0.0,1.0
257,-0.05022082477807999,0.0,1.0
258,-0.05022082477807999,0.0,1.0
259,-0.05022082477807999,0.0,1.0
260,-0.05022082477807999,0.0,1.0
261,-0.05022082477807999,0.0,1.0
262,-0.05022082477807999,0.0,1.0
263,-0.05022082477807999,0.0,1.0
264,-0.05022082477807999,0.0,1.0
265,-0.05022082477807999,0.0,1.0
266,-0.05022082477807999,0.0,1.0
267,-0.05022082477807999,0.0,1.0
268,-0.05022082477807999,0.0,1.0
269,-0.05022082477807999,0.0,1.0
270,-0.05022082477807999,0.0,1.0
271,-0.05022082477807999,0.0,1.0
272,-0.05022082477807999,0.0,1.0
273,-0.05022082477807999,0.0,1.0
274,-0.05022082477807999,0.0,1.0
275,-0.05022082477807999,0.0,1.0
276,-0.05022082477807999,0.0,1.0
277,-0.05022082477807999,0.0,1.0
278,-0.05022082477807999,0.0,1.0
279,-0.05022082477807999,0.0,1.0
280,-0.05022082477807999,0.0,1.0
281,-0.05022082477807999,0.0,1.0
282,-0.05022082477807999,0.0,1.0
283,-0.05022082477807999,0.0,1.0
284,-0.05022082477807999,0.0,1.0
285,-0.05022082477807999,0.0,1.0
286,-0.05022082477807999,0.0,1.0
287,-0.05022082477807999,0.0,1.0
288,-0.05022082477807999,0.0,1.0
289,-0.0016277516260743141,0.5602425336837769,0.0
290,0.0031254729256033897,0.37936699390411377,0.0
291,-0.0028117215260863304,0.3793652057647705,0.0
292,0.003982905298471451,0.3793637156486511,0.0
293,-0.004172873217612505,0.37936991453170776,0.0
294,0.06349830329418182,0.379861056804657,0.0
295,0.0813245177268982,0.37974661588668823,0.0
296,0.07645101845264435,0.3797706365585327,0.0
297,0.10735662281513214,0.38082021474838257,0.0
298,0.1304231882095337,0.3809663653373718,0.0
299,0.0954066663980484,0.37811845541000366,0.0
300,-0.07024551928043365,0.380951464176178,0.0
301,-0.13483524322509766,0.3802196979522705,0.0
302,-0.12294973433017731,0.38083416223526,0.0
303,-0.11865997314453125,0.37986958026885986,0.0
304,-0.11817650496959686,0.38148874044418335,0.0
305,-0.11916019767522812,0.379642128944397,0.0
306,-0.12638527154922485,0.3806501626968384,0.0
307,-0.11823062598705292,0.3809751272201538,0.0
308,-0.11740764230489731,0.380132257938385,0.0
309,0.09405474364757538,0.3812801241874695,0.0
310,0.11339542269706726,0.38060837984085083,0.0
311,0.09705467522144318,0.3795495629310608,0.0
312,0.07518505305051804,0.3793981671333313,0.0
313,0.06025804579257965,0.37944430112838745,0.0
314,-0.011658493429422379,0.3793993592262268,0.0
315,0.0018806424923241138,0.37937217950820923,0.0
316,0.00023354007862508297,0.37936288118362427,0.0
317,-0.0006134864524938166,0.37936681509017944,0.0
318,-0.0013439360773190856,0.0,1.0
319,-0.0013439360773190856,0.0,1.0
320,-0.0013439360773190856,0.0,1.0
321,-0.0013439360773190856,0.0,1.0
322,-0.0013439360773190856,0.0,1.0
323,-0.0013439360773190856,0.0,1.0
324,-0.0013439360773190856,0.0,1.0
325,0.12424874305725098,0.39709097146987915,0.0
326,0.2706310451030731,0.39146095514297485,0.0
327,0.4130072593688965,0.40765827894210815,0.0
328,0.2317073941230774,0.4008220434188843,0.0
329,0.16520492732524872,0.42036348581314087,0.0
330,-0.006684713065624237,0.5257372856140137,0.0
331,0.0012548211961984634,0.5873695611953735,0.0
332,-0.019182071089744568,0.0,1.0
333,-0.019175633788108826,0.0,1.0
334,-0.019167585298419,0.0,1.0
335,-0.019161147996783257,0.0,1.0
336,-0.019154708832502365,0.0,1.0
337,-0.01914934441447258,0.0,1.0
338,-0.019141297787427902,0.0,1.0
339,-0.019133785739541054,0.0,1.0
340,-0.019129494205117226,0.0,1.0
341,-0.019123056903481483,0.0,1.0
342,-0.0139923682436347,0.699999988079071,0.0
343,0.16616500914096832,0.43653351068496704,0.0
344,0.3247165083885193,0.3967076539993286,0.0
345,0.3562362492084503,0.38648009300231934,0.0
346,0.24146106839179993,0.37140846252441406,0.0
347,0.17310717701911926,0.378287672996521,0.0
348,-0.024738885462284088,0.37959980964660645,0.0
349,0.0007187407463788986,0.3793787956237793,0.0
350,0.0003473730757832527,0.36450469493865967,0.0
351,1.6712583601474762e-06,0.2059672623872757,0.0
352,0.00013639387907460332,0.2667151093482971,0.0
353,0.16143766045570374,0.3092338442802429,0.0
354,0.3657735586166382,0.35941439867019653,0.0
355,0.3514575660228729,0.3781823515892029,0.0
356,0.19564341008663177,0.36638879776000977,0.0
357,0.10807150602340698,0.3794404864311218,0.0
358,-0.02602548897266388,0.37953901290893555,0.0
359,0.0025816168636083603,0.37937426567077637,0.0
360,0.15293030440807343,0.38363009691238403,0.0
361,0.28216367959976196,0.38925909996032715,0.0
362,0.12707418203353882,0.3779412508010864,0.0
363,0.09743892401456833,0.37946397066116333,0.0
364,0.0603446438908577,0.37931305170059204,0.0
365,0.07103201001882553,0.37975168228149414,0.0
366,0.08033911883831024,0.3798346519470215,0.0
367,0.08082563430070877,0.37977278232574463,0.0
368,0.07297423481941223,0.3796619176864624,0.0
369,0.05925451219081879,0.37915557622909546,0.0
370,-0.0019000545144081116,0.3793872594833374,0.0
371,0.0007834555581212044,0.37936723232269287,0.0
372,0.0006739497184753418,0.3793666958808899,0.0
373,0.00028618157375603914,0.3793661594390869,0.0
374,6.045392365194857e-05,0.37937694787979126,0.0
375,-3.515472781145945e-05,0.379364550113678,0.0
376,-9.817975660553202e-05,0.0,1.0
377,-9.817975660553202e-05,0.0,1.0
378,-9.817975660553202e-05,0.0,1.0
379,-9.817975660553202e-05,0.0,1.0
380,-9.817975660553202e-05,0.0,1.0
381,-9.817975660553202e-05,0.0,1.0
382,-9.817975660553202e-05,0.0,1.0
383,-0.0001478290359955281,0.699999988079071,0.0
384,0.09401053935289383,0.40331196784973145,0.0
385,0.2773955166339874,0.38887619972229004,0.0
386,0.4228294789791107,0.3737698197364807,0.0
387,0.2782836854457855,0.3836626410484314,0.0
388,0.16330881416797638,0.37919729948043823,0.0
389,-0.02739710360765457,0.37968194484710693,0.0
390,0.000611552968621254,0.37934404611587524,0.0
391,-0.02636689879000187,0.0,1.0
392,-0.026367435231804848,0.0,1.0
393,-0.026367435231804848,0.0,1.0
394,-0.026367435231804848,0.0,1.0
395,0.14465941488742828,0.40592527389526367,0.0
396,0.3694770038127899,0.38484126329421997,0.0
397,0.3833372890949249,0.4035212993621826,0.0
398,0.2226029932498932,0.3586941957473755,0.0
399,0.13056908547878265,0.45977771282196045,0.0
400,0.00797780230641365,0.6355689764022827,0.0
401,-0.04400277137756348,0.0,1.0
402,0.061632417142391205,0.640459418296814,0.0
403,0.2669842541217804,0.4671627879142761,0.0
404,0.3508624732494354,0.40648025274276733,0.0
405,0.2865135073661804,0.39198243618011475,0.0
406,0.17175297439098358,0.3504679799079895,0.0
407,-0.00418250635266304,0.16268375515937805,0.0
408,0.0006881905719637871,0.2423418164253235,0.0
409,-0.02864166349172592,0.0,1.0
410,-0.02865668572485447,0.0,1.0
411,-0.028672244399785995,0.0,1.0
412,-0.02868136577308178,0.0,1.0
413,-0.02869918942451477,0.0,1.0
414,-0.028714628890156746,0.0,1.0
415,-0.029677066951990128,0.699999988079071,0.0
416,0.28009524941444397,0.3780549168586731,0.0
417,0.37973105907440186,0.3915601968765259,0.0
418,0.36761730909347534,0.3888242244720459,0.0
419,0.19041162729263306,0.38072502613067627,0.0
420,0.0891583114862442,0.3776134252548218,0.0
421,-0.02362210303544998,0.37951743602752686,0.0
422,-0.06235434114933014,0.0,1.0
423,-0.0535765215754509,0.0,1.0
424,-0.05357985943555832,0.0,1.0
425,-0.05357985943555832,0.0,1.0
426,-0.05357985943555832,0.0,1.0
427,-0.05357985943555832,0.0,1.0
428,-0.05357985943555832,0.0,1.0
429,-0.05357985943555832,0.0,1.0
430,-0.05357985943555832,0.0,1.0
431,-0.05357985943555832,0.0,1.0
432,-0.05357985943555832,0.0,1.0
433,-0.05357985943555832,0.0,1.0
434,-0.05357985943555832,0.0,1.0
435,-0.05357985943555832,0.0,1.0
436,-0.05357985943555832,0.0,1.0
437,-0.05357985943555832,0.0,1.0
438,-0.05357985943555832,0.0,1.0
439,-0.05357985943555832,0.0,1.0
440,-0.05357985943555832,0.0,1.0
441,-0.05357985943555832,0.0,1.0
442,-0.05357985943555832,0.0,1.0
443,-0.05357985943555832,0.0,1.0
444,-0.05357985943555832,0.0,1.0
445,-0.05357985943555832,0.0,1.0
446,-0.05357985943555832,0.0,1.0
447,-0.05357985943555832,0.0,1.0
448,-0.05357985943555832,0.0,1.0
449,-0.05357985943555832,0.0,1.0
450,-0.05357985943555832,0.0,1.0
451,-0.05357985943555832,0.0,1.0
452,-0.05357985943555832,0.0,1.0
453,-0.05357985943555832,0.0,1.0
454,-0.05357985943555832,0.0,1.0
455,-0.05357985943555832,0.0,1.0
456,-0.05357985943555832,0.0,1.0
457,-0.05357985943555832,0.0,1.0
458,-0.05357985943555832,0.0,1.0
459,-0.05357985943555832,0.0,1.0
460,-0.05357985943555832,0.0,1.0
461,-0.05357985943555832,0.0,1.0
462,-0.05357985943555832,0.0,1.0
463,-0.05357985943555832,0.0,1.0
464,-0.05357985943555832,0.0,1.0
465,-0.05357985943555832,0.0,1.0
466,-0.059514086693525314,0.699999988079071,0.0
467,0.14680692553520203,0.424472451210022,0.0
468,0.2604660093784332,0.38979387283325195,0.0
469,0.32445281744003296,0.3920522928237915,0.0
470,0.2534342408180237,0.3872896432876587,0.0
471,0.17326794564723969,0.3784642219543457,0.0
472,-0.0048957206308841705,0.37944185733795166,0.0
473,0.0007488466799259186,0.37935400009155273,0.0
474,-0.027581000700592995,0.0,1.0
475,-0.027581000700592995,0.0,1.0
476,-0.027581000700592995,0.0,1.0
477,-0.013561481609940529,0.699999988079071,0.0
478,0.004590706899762154,0.37904489040374756,0.0
479,-0.0049120401963591576,0.379363477230072,0.0
480,0.0048038652166724205,0.37935394048690796,0.0
481,0.011664076708257198,0.0,1.0
482,0.011664076708257198,0.0,1.0
483,0.011664076708257198,0.0,1.0
484,0.011664076708257198,0.0,1.0
485,0.011664076708257198,0.0,1.0
486,0.011664076708257198,0.0,1.0
487,0.007634587585926056,0.699999988079071,0.0
488,-0.08305269479751587,0.3845788836479187,0.0
489,-0.11322976648807526,0.38400477170944214,0.0
490,0.10931674391031265,0.38252294063568115,0.0
491,0.08922496438026428,0.3795256018638611,0.0
492,-0.015911098569631577,0.37939417362213135,0.0
493,0.06967520713806152,0.38039904832839966,0.0
494,0.10160001367330551,0.3805474042892456,0.0
495,0.10121297836303711,0.380023717880249,0.0
496,0.09531992673873901,0.3799719214439392,0.0
497,0.09157059341669083,0.3798547387123108,0.0
498,0.09089410305023193,0.3799130320549011,0.0
499,0.09079219400882721,0.38006335496902466,0.0
500,0.08948138356208801,0.37988245487213135,0.0
501,0.07722746580839157,0.37966519594192505,0.0
502,0.05470679700374603,0.37949246168136597,0.0
503,0.019185621291399002,0.3793044090270996,0.0
504,0.035996586084365845,0.37947309017181396,0.0
505,-0.0051569342613220215,0.3793795704841614,0.0
506,0.0011382997035980225,0.37936848402023315,0.0
507,-8.652382530272007e-05,0.37936609983444214,0.0
508,0.0001378587621729821,0.3793678283691406,0.0
509,0.0002180493320338428,0.37936604022979736,0.0
510,7.847351662348956e-05,0.3793666958808899,0.0
511,-0.00020404841052368283,0.3793666958808899,0.0
512,-0.0001433561265002936,0.38003939390182495,0.0
513,0.00022211158648133278,0.0,1.0
514,0.00022211158648133278,0.0,1.0
515,0.0003300123498775065,0.699999988079071,0.0
516,0.05774613842368126,0.38203173875808716,0.0
517,0.4208950102329254,0.4064043164253235,0.0
518,0.3805319666862488,0.404340922832489,0.0
519,0.20653118193149567,0.37047457695007324,0.0
520,0.1245986670255661,0.3764263391494751,0.0
521,-0.0005125068128108978,0.37941670417785645,0.0
522,-0.06665454059839249,0.0,1.0
523,-0.05535728856921196,0.0,1.0
524,-0.05535836145281792,0.0,1.0
525,-0.05535836145281792,0.0,1.0
526,-0.05535836145281792,0.0,1.0
527,-0.05535836145281792,0.0,1.0
528,-0.051558975130319595,0.699999988079071,0.0
529,-0.06662192940711975,0.5139076709747314,0.0
530,-0.12776228785514832,0.3997933864593506,0.0
531,-0.1481020599603653,0.38184434175491333,0.0
532,-0.14819303154945374,0.38401293754577637,0.0
533,-0.15978869795799255,0.3883710503578186,0.0
534,-0.15922778844833374,0.38646167516708374,0.0
535,-0.1533435583114624,0.3891800045967102,0.0
536,-0.12303776293992996,0.3873794674873352,0.0
537,0.0525645911693573,0.3863985538482666,0.0
538,0.0647711232304573,0.38646429777145386,0.0
539,0.06895992159843445,0.38657498359680176,0.0
540,0.07073327898979187,0.3863039016723633,0.0
541,0.0717194601893425,0.38650256395339966,0.0
542,0.06930933892726898,0.3861239552497864,0.0
543,0.07213742285966873,0.3863469362258911,0.0
544,0.07249607145786285,0.3850786089897156,0.0
545,0.07380879670381546,0.38307929039001465,0.0
546,0.07498083263635635,0.38116878271102905,0.0
547,0.07585390657186508,0.3788628578186035,0.0
548,0.07474184781312943,0.37754738330841064,0.0
549,0.07415933161973953,0.37571191787719727,0.0
550,0.07492898404598236,0.37383508682250977,0.0
551,0.06721290200948715,0.3729017376899719,0.0
552,-0.00498574785888195,0.37269675731658936,0.0
553,0.0006910227239131927,0.3726792335510254,0.0
554,0.00013864552602171898,0.37606048583984375,0.0
555,0.0003101249458268285,0.37936264276504517,0.0
556,6.196601316332817e-05,0.3793673515319824,0.0
557,-0.0008219201699830592,0.0,1.0
558,-0.0008219201699830592,0.0,1.0
559,-0.0008219201699830592,0.0,1.0
560,0.00128068495541811,0.37969082593917847,0.0
561,-0.011754046194255352,0.37939542531967163,0.0
562,0.001979961059987545,0.3793676495552063,0.0
563,0.0021059170830994844,0.37936604022979736,0.0
564,-0.0018123018089681864,0.0,1.0
565,-0.0018123018089681864,0.0,1.0
566,-0.0018123018089681864,0.0,1.0
567,-0.0018123018089681864,0.0,1.0
568,-0.0018123018089681864,0.0,1.0
569,-0.0018123018089681864,0.0,1.0
570,-0.0018123018089681864,0.0,1.0
571,-0.0018123018089681864,0.0,1.0
572,-0.0018123018089681864,0.0,1.0
573,-0.0025935594458132982,0.699999988079071,0.0
574,-0.06331466883420944,0.38407039642333984,0.0
575,-0.08562913537025452,0.38128846883773804,0.0
576,-0.13898499310016632,0.38707172870635986,0.0
577,-0.21051347255706787,0.3838648796081543,0.0
578,-0.24592521786689758,0.3811987042427063,0.0
579,-0.20956237614154816,0.3782771825790405,0.0
580,-0.14093077182769775,0.3770878314971924,0.0
581,-0.07600483298301697,0.3777041435241699,0.0
582,-0.05206146463751793,0.37962204217910767,0.0
583,-0.05580485984683037,0.37963151931762695,0.0
584,-0.05801107734441757,0.37962549924850464,0.0
585,-0.05862143263220787,0.37961679697036743,0.0
586,-0.058647893369197845,0.3796156644821167,0.0
587,-0.06146346032619476,0.699999988079071,0.0
588,-0.07350170612335205,0.699999988079071,0.0
589,-0.07624995708465576,0.699999988079071,0.0
590,-0.07402961701154709,0.699999988079071,0.0
591,-0.07490908354520798,0.699999988079071,0.0
592,-0.061396464705467224,0.699999988079071,0.0
593,-0.0005144085735082626,0.6341214776039124,0.0
594,-1.5278812497854233e-05,0.6476926803588867,0.0
595,-0.0001347229117527604,0.6488867402076721,0.0
596,-0.03201799467206001,0.6435843706130981,0.0
597,-0.05148463696241379,0.6238225698471069,0.0
598,-0.051569756120443344,0.624367356300354,0.0
599,-0.0067964717745780945,0.511755108833313,0.0
600,-0.006753847468644381,0.36157047748565674,0.0
601,0.0034582880325615406,0.0,1.0
602,0.00345989759080112,0.0,1.0
603,0.00345989759080112,0.0,1.0
604,0.00345989759080112,0.0,1.0
605,0.00345989759080112,0.0,1.0
606,-0.08708758652210236,0.38535356521606445,0.0
607,-0.16006286442279816,0.3780590295791626,0.0
608,-0.16963070631027222,0.37857240438461304,0.0
609,-0.1514064520597458,0.378930926322937,0.0
610,-0.15603026747703552,0.38099533319473267,0.0
611,-0.1646728813648224,0.38007110357284546,0.0
612,-0.15037404000759125,0.37912851572036743,0.0
613,-0.1177615225315094,0.37580054998397827,0.0
614,0.015214219689369202,0.3799501657485962,0.0
615,-0.002463800832629204,0.3794017434120178,0.0
616,-0.0006412183865904808,0.38201433420181274,0.0
617,-6.487732753157616e-05,0.3793650269508362,0.0
618,-0.00017592014046385884,0.3793671727180481,0.0
619,0.06935468316078186,0.3845357894897461,0.0
620,0.1365603804588318,0.38193148374557495,0.0
621,0.12954100966453552,0.3804330825805664,0.0
622,0.07772977650165558,0.37909233570098877,0.0
623,0.05483407527208328,0.37945497035980225,0.0
624,-0.08201132714748383,0.3805627226829529,0.0
625,-0.14431017637252808,0.38393479585647583,0.0
626,-0.18265698850154877,0.380479097366333,0.0
627,-0.18575197458267212,0.3821006417274475,0.0
628,-0.2018599510192871,0.38476449251174927,0.0
629,-0.23854267597198486,0.38726407289505005,0.0
630,-0.23237910866737366,0.3836142420768738,0.0
631,-0.23455455899238586,0.38517940044403076,0.0
632,-0.2332591712474823,0.3845776319503784,0.0
633,-0.2559160888195038,0.3829494118690491,0.0
634,-0.23867852985858917,0.38371360301971436,0.0
635,-0.2376479059457779,0.3831736445426941,0.0
636,-0.22156843543052673,0.3823220133781433,0.0
637,-0.20846374332904816,0.3819695711135864,0.0
638,-0.1458244025707245,0.3794294595718384,0.0
639,-0.052967965602874756,0.37858372926712036,0.0
640,0.0852668434381485,0.3808368444442749,0.0
641,0.12968167662620544,0.38104140758514404,0.0
642,0.1100163608789444,0.380002498626709,0.0
643,0.06544216722249985,0.37914788722991943,0.0
644,0.006898586638271809,0.3793647289276123,0.0
645,-0.003392901038751006,0.3793684244155884,0.0
646,0.1459827572107315,0.3937685489654541,0.0
647,0.26507920026779175,0.4011228084564209,0.0
648,0.30684542655944824,0.392350971698761,0.0
649,0.20209793746471405,0.3845176696777344,0.0
650,0.15397833287715912,0.386843740940094,0.0
651,-0.00820690393447876,0.38588082790374756,0.0
652,0.05388052389025688,0.38632678985595703,0.0
653,0.06495122611522675,0.3868149518966675,0.0
654,0.09202435612678528,0.3866886496543884,0.0
655,0.08982793986797333,0.3867911100387573,0.0
656,0.08277349919080734,0.38655680418014526,0.0
657,0.07728998363018036,0.3865489363670349,0.0
658,0.07453853636980057,0.38500863313674927,0.0
659,0.07398638874292374,0.38326597213745117,0.0
660,0.07329770922660828,0.38120943307876587,0.0
661,0.07293789088726044,0.3794224262237549,0.0
662,0.07123435288667679,0.37731027603149414,0.0
663,0.07244236767292023,0.375744104385376,0.0
664,0.07306049019098282,0.37341153621673584,0.0
665,0.06083279848098755,0.3726411461830139,0.0
666,-0.006576105952262878,0.37269753217697144,0.0
667,0.001313292421400547,0.37268102169036865,0.0
668,0.00012149079702794552,0.3744421601295471,0.0
669,0.00037474255077540874,0.37891775369644165,0.0
670,0.00016813832917250693,0.37936586141586304,0.0
671,-0.0011508517200127244,0.699999988079071,0.0
672,0.06902596354484558,0.4265315532684326,0.0
673,0.2753809094429016,0.39248359203338623,0.0
674,0.37094685435295105,0.3922792077064514,0.0
675,0.28278684616088867,0.38066428899765015,0.0
676,0.16273121535778046,0.37962985038757324,0.0
677,-0.026597879827022552,0.37936490774154663,0.0
678,0.0005129240453243256,0.37937498092651367,0.0
679,0.0011327802203595638,0.3793693780899048,0.0
680,0.00034893560223281384,0.3793654441833496,0.0
681,0.06567330658435822,0.38019776344299316,0.0
682,0.08184659481048584,0.3800864815711975,0.0
683,0.0848635584115982,0.3799840807914734,0.0
684,0.11386530101299286,0.38098472356796265,0.0
685,0.13645228743553162,0.379474401473999,0.0
686,0.08835779130458832,0.37913912534713745,0.0
687,-0.043541304767131805,0.38061559200286865,0.0
688,-0.1255674958229065,0.3816404342651367,0.0
689,-0.13176831603050232,0.38075172901153564,0.0
690,-0.12668871879577637,0.38015174865722656,0.0
691,-0.12380128353834152,0.3803001642227173,0.0
692,-0.12570643424987793,0.38067734241485596,0.0
693,-0.11828920990228653,0.38064223527908325,0.0
694,-0.12448426336050034,0.38063907623291016,0.0
695,-0.1207503229379654,0.38055211305618286,0.0
696,-0.09609881788492203,0.3797265291213989,0.0
697,0.054861679673194885,0.38024282455444336,0.0
698,0.11409670114517212,0.3806103467941284,0.0
699,0.10058532655239105,0.3801242709159851,0.0
700,0.07716700434684753,0.3795875906944275,0.0
701,0.0621110200881958,0.3794536590576172,0.0
702,0.05137632042169571,0.37948840856552124,0.0
703,0.004327751696109772,0.3793187737464905,0.0
704,0.0015433910302817822,0.37936830520629883,0.0
705,0.0003780841361731291,0.37936633825302124,0.0
706,-0.0002980836434289813,0.3793661594390869,0.0
707,-0.0010585172567516565,0.0,1.0
708,-0.0010585172567516565,0.0,1.0
709,-0.0010585172567516565,0.0,1.0
710,-0.0010585172567516565,0.0,1.0
711,0.061932921409606934,0.42038995027542114,0.0
712,0.25151941180229187,0.39057451486587524,0.0
713,0.396731436252594,0.3975192904472351,0.0
714,0.3033936023712158,0.38779181241989136,0.0
715,0.1737457662820816,0.4186951518058777,0.0
716,-0.008052073419094086,0.5208625793457031,0.0
717,0.0012104585766792297,0.5873850584030151,0.0
718,-0.018555140122771263,0.0,1.0
719,-0.018550071865320206,0.0,1.0
720,-0.018543634563684464,0.0,1.0
721,-0.0185377337038517,0.0,1.0
722,-0.018529685214161873,0.0,1.0
723,-0.018522175028920174,0.0,1.0
724,-0.018517345190048218,0.0,1.0
725,-0.018507152795791626,0.0,1.0
726,-0.01850232481956482,0.0,1.0
727,-0.018495885655283928,0.0,1.0
728,-0.018197618424892426,0.699999988079071,0.0
729,-0.06691216677427292,0.44326919317245483,0.0
730,-0.21666112542152405,0.3958855867385864,0.0
731,-0.2323123961687088,0.38360923528671265,0.0
732,-0.24466572701931,0.38118284940719604,0.0
733,-0.20186874270439148,0.37748199701309204,0.0
734,-0.14409200847148895,0.30482691526412964,0.0
735,-0.028461351990699768,0.23452486097812653,0.0
736,-0.0016695000231266022,0.0,0.012200891971588135
737,0.053582943975925446,0.0,1.0
738,0.04937314987182617,0.0,1.0
739,0.04936671257019043,0.0,1.0
740,0.04936403036117554,0.0,1.0
741,0.04935330152511597,0.0,1.0
742,0.04934203624725342,0.0,1.0
743,0.049325939267873764,0.0,1.0
744,0.049315210431814194,0.0,1.0
745,0.050837740302085876,0.699999988079071,0.0
746,0.23712944984436035,0.43408632278442383,0.0
747,0.39000529050827026,0.40581589937210083,0.0
748,0.2774519920349121,0.37992537021636963,0.0
749,0.17265520989894867,0.38107621669769287,0.0
750,-0.0005237124860286713,0.3793783187866211,0.0
751,-0.03384840860962868,0.0,1.0
752,-0.00723580876365304,0.3796035647392273,0.0
753,-0.0738118514418602,0.3824302554130554,0.0
754,-0.07855553925037384,0.3828950524330139,0.0
755,0.0724976658821106,0.3820122480392456,0.0
756,0.09640853852033615,0.3799406886100769,0.0
757,0.013603538274765015,0.3793524503707886,0.0
758,9.729614248499274e-06,0.37936216592788696,0.0
759,0.05509620159864426,0.38010889291763306,0.0
760,0.10162767022848129,0.3805593252182007,0.0
761,0.10249795019626617,0.38026416301727295,0.0
762,0.09765549004077911,0.3799733519554138,0.0
763,0.09275343269109726,0.3801279664039612,0.0
764,0.09095020592212677,0.3799571990966797,0.0
765,0.09024833887815475,0.37957316637039185,0.0
766,0.09036748856306076,0.37997663021087646,0.0
767,0.08098927140235901,0.379555344581604,0.0
768,0.0666080042719841,0.37926793098449707,0.0
769,0.033391524106264114,0.3794688582420349,0.0
770,0.011191211640834808,0.37937426567077637,0.0
771,0.00034857727587223053,0.3793654441833496,0.0
772,0.00045414804480969906,0.37936437129974365,0.0
773,-0.00014142034342512488,0.3793650269508362,0.0
774,0.00020612480875570327,0.37936609983444214,0.0
775,0.00023108324967324734,0.37936633825302124,0.0
776,-5.079941911390051e-05,0.699999988079071,0.0
777,-9.540963219478726e-05,0.3793673515319824,0.0
778,-0.00010793679393827915,0.37949323654174805,0.0
779,1.0730028634498012e-06,0.0,1.0
780,-1.0730028634498012e-06,0.0,1.0
781,8.35980026749894e-05,0.38054215908050537,0.0
782,0.00023461607634089887,0.3809319734573364,0.0
783,0.0001309271901845932,0.699999988079071,0.0
784,0.013382410630583763,0.699999988079071,0.0
785,0.06227142736315727,0.6719153523445129,0.0
786,0.06474380940198898,0.6595719456672668,0.0
787,0.06330057978630066,0.6561334729194641,0.0
788,0.06297391653060913,0.6555252075195312,0.0
789,0.02279715985059738,0.6487137079238892,0.0
790,-0.0006070937961339951,0.6192924380302429,0.0
791,-0.00041711144149303436,0.49238115549087524,0.0
792,-0.0023585320450365543,0.2156524360179901,0.0
793,0.00044744176557287574,0.3793593645095825,0.0
794,0.1131330206990242,0.38742703199386597,0.0
795,0.5898507237434387,0.4354466199874878,0.0
796,0.35711669921875,0.3978193402290344,0.0
797,0.20478543639183044,0.37829864025115967,0.0
798,-0.009887941181659698,0.3795296549797058,0.0
799,0.0004690028727054596,0.0,1.0
800,-0.04514230042695999,0.0,1.0
801,-0.04514230042695999,0.0,1.0
802,-0.04514230042695999,0.0,1.0
803,-0.04514230042695999,0.0,1.0
804,-0.04514230042695999,0.0,1.0
805,0.06878308951854706,0.4648864269256592,0.0
806,0.2660798132419586,0.398914635181427,0.0
807,0.33307480812072754,0.384396493434906,0.0
808,0.31731554865837097,0.38595128059387207,0.0
809,0.1670328676700592,0.3782939314842224,0.0
810,-0.010671593248844147,0.3795453906059265,0.0
811,0.0013091694563627243,0.3793737292289734,0.0
812,0.00014030374586582184,0.38182926177978516,0.0
813,0.0004236981039866805,0.3860011100769043,0.0
814,8.11973586678505e-06,0.3860405683517456,0.0
815,-0.05116063728928566,0.386135995388031,0.0
816,-0.07404353469610214,0.38531041145324707,0.0
817,-0.07557573914527893,0.38400089740753174,0.0
818,-0.07237216085195541,0.382470965385437,0.0
819,-0.06970614194869995,0.38065361976623535,0.0
820,-0.06747029721736908,0.37889009714126587,0.0
821,-0.06668799370527267,0.3773428797721863,0.0
822,-0.06683270633220673,0.37589091062545776,0.0
823,-0.06619742512702942,0.3741825222969055,0.0
824,-0.06630980968475342,0.3733605146408081,0.0
825,-0.0654880553483963,0.37385088205337524,0.0
826,-0.0654594823718071,0.373649537563324,0.0
827,-0.06715848296880722,0.37300044298171997,0.0
828,-0.0660800114274025,0.37339234352111816,0.0
829,-0.0673709288239479,0.373374879360199,0.0
830,-0.06369666755199432,0.37313562631607056,0.0
831,0.05283669754862785,0.0,1.0
832,0.07867953926324844,0.0,1.0
833,0.0786731019616127,0.0,1.0
834,0.0786731019616127,0.0,1.0
835,0.0786731019616127,0.0,1.0
836,0.0786731019616127,0.0,1.0
837,0.0792674571275711,0.699999988079071,0.0
838,0.05890777334570885,0.699999988079071,0.0
839,0.10437586903572083,0.3733596205711365,0.0
840,0.25572532415390015,0.39593327045440674,0.0
841,0.36944466829299927,0.3797374367713928,0.0
842,0.25512802600860596,0.3668229579925537,0.0
843,0.17254377901554108,0.37854695320129395,0.0
844,-0.005659513175487518,0.3796313405036926,0.0
845,-0.05938567966222763,0.0,1.0
846,-0.048166558146476746,0.0,1.0
847,-0.048166558146476746,0.0,1.0
848,-0.04816817119717598,0.0,1.0
849,-0.05086000636219978,0.699999988079071,0.0
850,-0.01795124262571335,0.699999988079071,0.0
851,-0.09357769787311554,0.38337457180023193,0.0
852,-0.14318449795246124,0.38089102506637573,0.0
853,-0.1562335193157196,0.37996894121170044,0.0
854,-0.16656284034252167,0.3803281784057617,0.0
855,-0.18084317445755005,0.38656085729599,0.0
856,-0.15344654023647308,0.38019824028015137,0.0
857,-0.1252087652683258,0.3798617124557495,0.0
858,0.0010222196578979492,0.37938767671585083,0.0
859,-0.00040410365909338,0.37937337160110474,0.0
860,-0.0002937191165983677,0.3793637752532959,0.0
861,-0.00019233301281929016,0.37936580181121826,0.0
862,-3.382298746146262e-05,0.37936800718307495,0.0
863,-6.011812365613878e-05,0.3793684244155884,0.0
864,-7.517831545555964e-05,0.3793671727180481,0.0
865,-5.818684439873323e-05,0.37936586141586304,0.0
866,-0.035955432802438736,0.37951892614364624,0.0
867,-0.028067411854863167,0.37942856550216675,0.0
868,-0.05924291908740997,0.37979596853256226,0.0
869,-0.07217415422201157,0.3797966241836548,0.0
870,-0.07172040641307831,0.37970125675201416,0.0
871,-0.07104359567165375,0.3797459602355957,0.0
872,-0.06730753928422928,0.3795785903930664,0.0
873,-0.06639889627695084,0.3797183632850647,0.0
874,-0.06579406559467316,0.37962740659713745,0.0
875,-0.06601038575172424,0.3798338770866394,0.0
876,-0.06596867740154266,0.3797144889831543,0.0
877,-0.06600124388933182,0.37964165210723877,0.0
878,-0.06217711418867111,0.37960195541381836,0.0
879,0.0004088282585144043,0.3793727159500122,0.0
880,0.024170998483896255,0.0,1.0
881,-0.017243273556232452,0.4101393222808838,0.0
882,-0.093344546854496,0.3824217915534973,0.0
883,-0.109101802110672,0.3801839351654053,0.0
884,0.1152380183339119,0.3840333819389343,0.0
885,0.09345246106386185,0.378531277179718,0.0
886,0.022355789318680763,0.37941205501556396,0.0
887,-0.0014984692679718137,0.37936675548553467,0.0
888,0.00210040295496583,0.0,1.0
889,0.00210040295496583,0.0,1.0
890,0.00210040295496583,0.0,1.0
891,0.002510912250727415,0.699999988079071,0.0
892,0.0026722790207713842,0.3795772194862366,0.0
893,-0.0033019992988556623,0.3793650269508362,0.0
894,0.0027746076229959726,0.3795880079269409,0.0
895,-0.10689737647771835,0.3817421793937683,0.0
896,-0.15250888466835022,0.3813070058822632,0.0
897,-0.14912953972816467,0.38144004344940186,0.0
898,-0.1435304880142212,0.38121455907821655,0.0
899,-0.1469264179468155,0.38098466396331787,0.0
900,-0.15244895219802856,0.3809693455696106,0.0
901,-0.14548541605472565,0.38114476203918457,0.0
902,-0.12118486315011978,0.38004356622695923,0.0
903,0.01791395992040634,0.37944692373275757,0.0
904,-0.0010308753699064255,0.37937694787979126,0.0
905,0.03518376126885414,0.0,1.0
906,0.03518376126885414,0.0,1.0
907,0.03518376126885414,0.0,1.0
908,0.03518376126885414,0.0,1.0
909,0.03518376126885414,0.0,1.0
910,0.03518376126885414,0.0,1.0
911,0.03518376126885414,0.0,1.0
912,0.03518376126885414,0.0,1.0
913,0.03518376126885414,0.0,1.0
914,0.03518376126885414,0.0,1.0
915,-0.01806081086397171,0.3805854916572571,0.0
916,0.006378233432769775,0.37937939167022705,0.0
917,0.0009637307375669479,0.3793673515319824,0.0
918,-0.0021622676867991686,0.3793673515319824,0.0
919,0.00358301168307662,0.3793697953224182,0.0
920,0.02688487246632576,0.37948620319366455,0.0
921,0.06615471094846725,0.3800044059753418,0.0
922,0.10942961275577545,0.38076233863830566,0.0
923,0.1281869113445282,0.3809799551963806,0.0
924,0.12223008275032043,0.38042181730270386,0.0
925,0.07820754498243332,0.3795567750930786,0.0
926,-0.10582253336906433,0.3818969130516052,0.0
927,-0.14184962213039398,0.3823685646057129,0.0
928,-0.15071527659893036,0.38072389364242554,0.0
929,-0.14625757932662964,0.3810540437698364,0.0
930,-0.14720465242862701,0.3811429738998413,0.0
931,-0.14412763714790344,0.3809482455253601,0.0
932,-0.1500575840473175,0.3796224594116211,0.0
933,-0.13530510663986206,0.3804290294647217,0.0
934,-0.13144730031490326,0.38041430711746216,0.0
935,-0.1329914927482605,0.38202571868896484,0.0
936,-0.14384686946868896,0.38104599714279175,0.0
937,-0.14945760369300842,0.3811265826225281,0.0
938,-0.15540798008441925,0.37991154193878174,0.0
939,-0.15087102353572845,0.3811282515525818,0.0
940,-0.14729611575603485,0.3817634582519531,0.0
941,-0.14095811545848846,0.3807294964790344,0.0
942,-0.14096860587596893,0.38071393966674805,0.0
943,-0.13990241289138794,0.3803086280822754,0.0
944,-0.13825619220733643,0.38080060482025146,0.0
945,-0.14017313718795776,0.38073283433914185,0.0
946,-0.1419689655303955,0.3808194398880005,0.0
947,-0.1532488912343979,0.38120460510253906,0.0
948,-0.15548841655254364,0.38207751512527466,0.0
949,-0.15020237863063812,0.38074105978012085,0.0
950,-0.14743508398532867,0.38086289167404175,0.0
951,-0.1437251716852188,0.3806449770927429,0.0
952,-0.14126530289649963,0.380282461643219,0.0
953,-0.1439078152179718,0.3810519576072693,0.0
954,-0.1442490965127945,0.38090771436691284,0.0
955,-0.14650429785251617,0.3808678388595581,0.0
956,-0.14815399050712585,0.38132286071777344,0.0
957,-0.14614787697792053,0.3808417320251465,0.0
958,-0.14675427973270416,0.38080793619155884,0.0
959,-0.14682358503341675,0.38075369596481323,0.0
960,-0.14694012701511383,0.3807257413864136,0.0
961,-0.1465637981891632,0.38086551427841187,0.0
962,-0.14725768566131592,0.3812907934188843,0.0
963,-0.15299588441848755,0.3803919553756714,0.0
964,-0.14778277277946472,0.3809702396392822,0.0
965,-0.14725534617900848,0.38083136081695557,0.0
966,-0.14538520574569702,0.38019853830337524,0.0
967,-0.1422896385192871,0.3808431029319763,0.0
968,-0.14542487263679504,0.38089561462402344,0.0
969,-0.14514736831188202,0.3809242844581604,0.0
970,-0.15148384869098663,0.3803907036781311,0.0
971,-0.15297508239746094,0.38106513023376465,0.0
972,-0.14857840538024902,0.38206493854522705,0.0
973,0.12059586495161057,0.3900579810142517,0.0
974,0.16075380146503448,0.3823980689048767,0.0
975,0.17366914451122284,0.38189810514450073,0.0
976,0.14028404653072357,0.37976735830307007,0.0
977,0.0851007029414177,0.3791070580482483,0.0
978,-0.004721973091363907,0.3793647885322571,0.0
979,0.0022083406802266836,0.37936681509017944,0.0
980,-0.0008717958116903901,0.3793666958808899,0.0
981,5.3210726036923006e-05,0.37936681509017944,0.0
982,0.0009165421361103654,0.37936651706695557,0.0
983,0.0003382443683221936,0.3793680667877197,0.0
984,-0.0012330072931945324,0.37936699390411377,0.0
985,0.000482786912471056,0.3793671727180481,0.0
986,0.0011737325694411993,0.37936580181121826,0.0
987,0.20974090695381165,0.38616257905960083,0.0
988,0.4288627803325653,0.40350210666656494,0.0
989,0.36789414286613464,0.39293432235717773,0.0
990,0.192942813038826,0.3772292137145996,0.0
991,-0.008005701005458832,0.3794320821762085,0.0
992,-0.08109372854232788,0.0,1.0
993,-0.08664464950561523,0.699999988079071,0.0
994,0.032804857939481735,0.3811165690422058,0.0
995,-0.009956096298992634,0.38096320629119873,0.0
996,0.0009460600558668375,0.699999988079071,0.0
997,0.0007239212864078581,0.699999988079071,0.0
998,0.05909062922000885,0.6657342314720154,0.0
999,0.05976066738367081,0.6566601395606995,0.0
1000,0.058553166687488556,0.6541140079498291,0.0
1001,0.05824217572808266,0.6537227034568787,0.0
1002,0.03756013140082359,0.6509305834770203,0.0
1003,0.0003631841391324997,0.6198087334632874,0.0
1004,-0.0023417826741933823,0.32094305753707886,0.0
1005,0.0009830184280872345,0.5129499435424805,0.0
1006,-0.0002302521897945553,0.37941914796829224,0.0
1007,0.05911090224981308,0.3812006711959839,0.0
1008,0.3772693872451782,0.3997904658317566,0.0
1009,0.35640859603881836,0.38580143451690674,0.0
1010,0.19619958102703094,0.3757222890853882,0.0
1011,0.02460959553718567,0.37743455171585083,0.0
1012,0.0015756823122501373,0.37949663400650024,0.0
1013,0.001140381209552288,0.3793635368347168,0.0
1014,0.00048065069131553173,0.3793664574623108,0.0
1015,0.00016191136091947556,0.37936681509017944,0.0
1016,9.11481911316514e-05,0.3793661594390869,0.0
1017,5.423933907877654e-05,0.37936878204345703,0.0
1018,0.0504043810069561,0.3797755241394043,0.0
1019,0.07383264601230621,0.37997889518737793,0.0
1020,0.06503426283597946,0.37954169511795044,0.0
1021,0.08414538204669952,0.3800758719444275,0.0
1022,0.10369108617305756,0.3805498480796814,0.0
1023,0.1154414489865303,0.3804970383644104,0.0
1024,0.07099723070859909,0.37892240285873413,0.0
1025,-0.07016311585903168,0.3801763653755188,0.0
1026,0.077124685049057,0.3806176781654358,0.0
1027,0.20666518807411194,0.3864709734916687,0.0
1028,0.1712101399898529,0.38091588020324707,0.0
1029,0.10604593902826309,0.37959569692611694,0.0
1030,0.058206140995025635,0.37866640090942383,0.0
1031,-0.0017055980861186981,0.3793703317642212,0.0
1032,0.0007407451048493385,0.37936896085739136,0.0
1033,0.0003316695801913738,0.3793647289276123,0.0
1034,0.0001759407459758222,0.3793676495552063,0.0
1035,7.794826524332166e-05,0.379366397857666,0.0
1036,4.8851237806957215e-05,0.379366397857666,0.0
1037,4.836374137084931e-05,0.3793661594390869,0.0
1038,3.942572220694274e-05,0.37936586141586304,0.0
1039,1.0966883564833552e-05,0.37936604022979736,0.0
1040,0.19238440692424774,0.3877398371696472,0.0
1041,0.42140814661979675,0.40476828813552856,0.0
1042,0.38786259293556213,0.36746323108673096,0.0
1043,0.18582868576049805,0.37826108932495117,0.0
1044,-0.013000629842281342,0.37967777252197266,0.0
1045,-0.0566067136824131,0.0,1.0
1046,-0.09114139527082443,0.0,1.0
1047,-0.09114127606153488,0.0,1.0
1048,-0.09969057887792587,0.699999988079071,0.0
1049,0.021945148706436157,0.4650220274925232,0.0
1050,-0.0020937728695571423,0.38095033168792725,0.0
1051,-0.0022017755545675755,0.3909197449684143,0.0
1052,0.0009855221724137664,0.699999988079071,0.0
1053,0.05970374494791031,0.6649785041809082,0.0
1054,0.05957701429724693,0.6559341549873352,0.0
1055,0.05921007692813873,0.6535606980323792,0.0
1056,0.05928977206349373,0.653669536113739,0.0
1057,0.04240816831588745,0.6522006392478943,0.0
1058,0.014602424576878548,0.6218781471252441,0.0
1059,0.0006201332435011864,0.6192411780357361,0.0
1060,0.001425621798262,0.5106445550918579,0.0
1061,-0.00035158509854227304,0.37753069400787354,0.0
1062,0.08618269115686417,0.3816598057746887,0.0
1063,0.41834238171577454,0.41799432039260864,0.0
1064,0.33744990825653076,0.37176793813705444,0.0
1065,0.19748301804065704,0.3807583451271057,0.0
1066,0.10917656123638153,0.3782987594604492,0.0
1067,0.004485957324504852,0.37942248582839966,0.0
1068,-0.036849599331617355,0.0,1.0
1069,-0.03685067221522331,0.0,1.0
1070,-0.03685067221522331,0.0,1.0
1071,-0.03685067221522331,0.0,1.0
1072,-0.03685067221522331,0.0,1.0
1073,-0.03685067221522331,0.0,1.0
1074,-0.03685067221522331,0.0,1.0
1075,-0.03685067221522331,0.0,1.0
1076,-0.03685067221522331,0.0,1.0
1077,-0.05852297693490982,0.4158474802970886,0.0
1078,-0.2234695702791214,0.3886038661003113,0.0
1079,-0.2607697546482086,0.3853890299797058,0.0
1080,-0.19872182607650757,0.3803788423538208,0.0
1081,-0.15641529858112335,0.3802715539932251,0.0
1082,-0.13112890720367432,0.3802810311317444,0.0
1083,-0.08108691871166229,0.37761610746383667,0.0
1084,-0.004488043487071991,0.3793948292732239,0.0
1085,-0.0007277429103851318,0.3793691396713257,0.0
1086,-0.06715291738510132,0.38412219285964966,0.0
1087,-0.10105574131011963,0.3807280659675598,0.0
1088,-0.18369488418102264,0.3840557932853699,0.0
1089,-0.23989826440811157,0.38374847173690796,0.0
1090,-0.24696862697601318,0.39132529497146606,0.0
1091,-0.17307014763355255,0.3772348165512085,0.0
1092,-0.12884944677352905,0.3784610629081726,0.0
1093,-0.02409893274307251,0.3796233534812927,0.0
1094,-0.052574463188648224,0.37964558601379395,0.0
1095,-0.055777765810489655,0.37967193126678467,0.0
1096,-0.05784112960100174,0.37957870960235596,0.0
1097,-0.05874462425708771,0.3796447515487671,0.0
1098,-0.05854625254869461,0.379597544670105,0.0
1099,-0.05999719351530075,0.699999988079071,0.0
1100,-0.06360958516597748,0.699999988079071,0.0
1101,-0.07369167357683182,0.699999988079071,0.0
1102,-0.07667779177427292,0.699999988079071,0.0
1103,-0.07485740631818771,0.699999988079071,0.0
1104,-0.06904960423707962,0.699999988079071,0.0
1105,-0.0004332885146141052,0.634669840335846,0.0
1106,-0.00021001789718866348,0.6416176557540894,0.0
1107,-7.964624091982841e-05,0.6488874554634094,0.0
1108,-0.011758659034967422,0.6487730741500854,0.0
1109,-0.03540978580713272,0.6221507787704468,0.0
1110,-0.05072559416294098,0.6236168146133423,0.0
1111,-0.05107304826378822,0.6242027878761292,0.0
1112,-0.041737545281648636,0.5129351019859314,0.0
1113,-0.0027934229001402855,0.36215537786483765,0.0
1114,0.0008465992286801338,0.0,1.0
1115,0.0022216523066163063,0.0,1.0
1116,-0.09976820647716522,0.38078051805496216,0.0
1117,-0.14756616950035095,0.37803757190704346,0.0
1118,-0.1604386568069458,0.37841421365737915,0.0
1119,-0.1631593108177185,0.3794669508934021,0.0
1120,-0.1526244580745697,0.3808116912841797,0.0
1121,-0.15486812591552734,0.38097143173217773,0.0
1122,-0.14450819790363312,0.3771587014198303,0.0
1123,-0.1123599112033844,0.3769596815109253,0.0
1124,0.006064251065254211,0.37950074672698975,0.0
1125,-0.022787965834140778,0.37943321466445923,0.0
1126,-0.13975651562213898,0.38082581758499146,0.0
1127,-0.17067497968673706,0.3787577152252197,0.0
1128,-0.15792587399482727,0.3957839012145996,0.0
1129,-0.1633683145046234,0.3902106285095215,0.0
1130,-0.17292842268943787,0.38718485832214355,0.0
1131,-0.16434109210968018,0.38723450899124146,0.0
1132,-0.1294664889574051,0.3890875577926636,0.0
1133,0.018832094967365265,0.38601070642471313,0.0
1134,0.050326868891716,0.38661348819732666,0.0
1135,0.06185728311538696,0.3864912986755371,0.0
1136,0.0683504045009613,0.3866502046585083,0.0
1137,0.07020221650600433,0.3860433101654053,0.0
1138,0.07115887105464935,0.38641297817230225,0.0
1139,0.0715111643075943,0.38565921783447266,0.0
1140,0.07238627970218658,0.38646793365478516,0.0
1141,0.07338322699069977,0.38526034355163574,0.0
1142,0.07382600754499435,0.3832753300666809,0.0
1143,0.07439176738262177,0.38218700885772705,0.0
1144,0.07510290294885635,0.37985068559646606,0.0
1145,0.07502706348896027,0.3784668445587158,0.0
1146,0.07489213347434998,0.3766346573829651,0.0
1147,0.07573376595973969,0.3740047216415405,0.0
1148,0.07120122760534286,0.3732287287712097,0.0
1149,0.006012998521327972,0.37244713306427,0.0
1150,0.001605076715350151,0.3726840019226074,0.0
1151,0.0005109189078211784,0.37348395586013794,0.0
1152,0.00038981507532298565,0.37841665744781494,0.0
1153,0.0001858525793068111,0.379367470741272,0.0
1154,-0.0011255162535235286,0.0,1.0
1155,0.09767279773950577,0.410133421421051,0.0
1156,0.3269634246826172,0.3952482342720032,0.0
1157,0.3720698058605194,0.3744460940361023,0.0
1158,0.24234071373939514,0.373047411441803,0.0
1159,0.16622406244277954,0.3799680471420288,0.0
1160,0.0004804544150829315,0.3794673681259155,0.0
1161,0.00021096039563417435,0.3793668746948242,0.0
1162,0.00042310357093811035,0.37936604022979736,0.0
1163,0.05455167964100838,0.3800089955329895,0.0
1164,0.08088158816099167,0.37994617223739624,0.0
1165,0.08252493292093277,0.37995487451553345,0.0
1166,0.11143893003463745,0.3806377649307251,0.0
1167,0.1313626766204834,0.3811458945274353,0.0
1168,0.09230447560548782,0.37922245264053345,0.0
1169,-0.07521530985832214,0.3822149634361267,0.0
1170,0.09190194308757782,0.38132262229919434,0.0
1171,0.28022414445877075,0.394894540309906,0.0
1172,0.1606188714504242,0.37576401233673096,0.0
1173,0.11434466391801834,0.37959128618240356,0.0
1174,-0.004172626882791519,0.37942564487457275,0.0
1175,0.0018870336934924126,0.3793656826019287,0.0
1176,0.00014514848589897156,0.3793652057647705,0.0
1177,0.00021291524171829224,0.37936824560165405,0.0
1178,6.74781040288508e-05,0.37936675548553467,0.0
1179,1.8864455341827124e-05,0.3793666958808899,0.0
1180,3.444226967985742e-05,0.37936586141586304,0.0
1181,4.011566488770768e-05,0.3793644309043884,0.0
1182,3.7365927710197866e-05,0.37936604022979736,0.0
1183,0.25530195236206055,0.4086228609085083,0.0
1184,0.5358374714851379,0.4234126806259155,0.0
1185,0.25806140899658203,0.36566823720932007,0.0
1186,0.17466257512569427,0.379879355430603,0.0
1187,-0.01109408587217331,0.37951934337615967,0.0
1188,-0.06706160306930542,0.0,1.0
1189,-0.10364671051502228,0.0,1.0
1190,-0.10363275557756424,0.0,1.0
1191,-0.10363329201936722,0.0,1.0
1192,-0.10363329201936722,0.0,1.0
1193,-0.10363329201936722,0.0,1.0
1194,-0.10363329201936722,0.0,1.0
1195,-0.10363329201936722,0.0,1.0
1196,-0.10363329201936722,0.0,1.0
1197,-0.10363329201936722,0.0,1.0
1198,-0.10363329201936722,0.0,1.0
1199,-0.10363329201936722,0.0,1.0
1200,-0.10363329201936722,0.0,1.0
1201,-0.10363329201936722,0.0,1.0
1202,-0.10363329201936722,0.0,1.0
1203,-0.10363329201936722,0.0,1.0
1204,-0.10363329201936722,0.0,1.0
1205,-0.1118583083152771,0.699999988079071,0.0
1206,-0.03428265452384949,0.699999988079071,0.0
1207,0.005348900333046913,0.38095396757125854,0.0
1208,-0.0032146938610821962,0.3882380723953247,0.0
1209,0.001655452884733677,0.699999988079071,0.0
1210,0.05429365858435631,0.6773666739463806,0.0
1211,0.06465131044387817,0.6595621705055237,0.0
1212,0.06070142239332199,0.656026303768158,0.0
1213,0.06264308094978333,0.6549358367919922,0.0
1214,0.049364615231752396,0.6544719338417053,0.0
1215,0.017976365983486176,0.6213768124580383,0.0
1216,0.00022004079073667526,0.6192395091056824,0.0
1217,0.0017262848559767008,0.5104610919952393,0.0
1218,-0.0005908074090257287,0.37702929973602295,0.0
1219,0.0025332383811473846,0.37936699390411377,0.0
1220,-0.00047101755626499653,0.3793637156486511,0.0
1221,-0.0012666957918554544,0.3793661594390869,0.0
1222,0.060468852519989014,0.380206823348999,0.0
1223,0.09817694872617722,0.380230188369751,0.0
1224,0.09840932488441467,0.3800780177116394,0.0
1225,0.09466441720724106,0.37993383407592773,0.0
1226,0.09094639867544174,0.38011181354522705,0.0
1227,0.08959102630615234,0.37996143102645874,0.0
1228,0.08405743539333344,0.37971770763397217,0.0
1229,0.07725974917411804,0.3797667622566223,0.0
1230,0.07411383837461472,0.3797193169593811,0.0
1231,0.07298827171325684,0.37974053621292114,0.0
1232,0.06850286573171616,0.37963205575942993,0.0
1233,0.061284102499485016,0.3784800171852112,0.0
1234,0.0624602735042572,0.3798409700393677,0.0
1235,0.05352739989757538,0.3795105218887329,0.0
1236,-0.0030659548938274384,0.37939727306365967,0.0
1237,-0.015026062726974487,0.38194119930267334,0.0
1238,0.001064002513885498,0.394633412361145,0.0
1239,0.0023717046715319157,0.3972285985946655,0.0
1240,-0.0034146399702876806,0.37378865480422974,0.0
1241,0.0010020534973591566,0.3531075716018677,0.0
1242,0.001406557857990265,0.37479573488235474,0.0
1243,0.11962320655584335,0.3793473243713379,0.0
1244,0.29067549109458923,0.4088227152824402,0.0
1245,0.45741936564445496,0.40455198287963867,0.0
1246,0.22897563874721527,0.3850303888320923,0.0
1247,0.13572104275226593,0.37684404850006104,0.0
1248,-0.02995052933692932,0.3794873356819153,0.0
1249,0.04737190902233124,0.37958037853240967,0.0
1250,0.11573813855648041,0.38189154863357544,0.0
1251,0.18768718838691711,0.3858014941215515,0.0
1252,0.21620038151741028,0.3830711245536804,0.0
1253,0.12497678399085999,0.37719541788101196,0.0
1254,-0.09738826751708984,0.3813842535018921,0.0
1255,-0.11571434140205383,0.38069236278533936,0.0
1256,-0.11233725398778915,0.38065534830093384,0.0
1257,-0.11622042208909988,0.3813871741294861,0.0
1258,-0.1178218424320221,0.38087552785873413,0.0
1259,-0.1170380637049675,0.3805345892906189,0.0
1260,-0.12226903438568115,0.3806368112564087,0.0
1261,-0.12089715898036957,0.38200122117996216,0.0
1262,-0.1263442039489746,0.3802281618118286,0.0
1263,-0.11951792985200882,0.38029229640960693,0.0
1264,-0.11534559726715088,0.3800930380821228,0.0
1265,-0.11170965433120728,0.38021695613861084,0.0
1266,-0.05869695544242859,0.3787943124771118,0.0
1267,0.16439440846443176,0.3853302001953125,0.0
1268,0.23040026426315308,0.38450390100479126,0.0
1269,0.14582937955856323,0.3812969923019409,0.0
1270,0.0896390825510025,0.3787536025047302,0.0
1271,0.06252145022153854,0.3793579936027527,0.0
1272,-0.0073605310171842575,0.3793702721595764,0.0
1273,0.0009766006842255592,0.37936514616012573,0.0
1274,-9.469955693930387e-05,0.37936604022979736,0.0
1275,0.0003410005592741072,0.3793654441833496,0.0
1276,0.00032090608146972954,0.3793671727180481,0.0
1277,0.00022822344908490777,0.37936943769454956,0.0
1278,6.393982039298862e-05,0.3793637156486511,0.0
1279,-2.7726408006856218e-05,0.37936609983444214,0.0
1280,-7.891929999459535e-05,0.37936872243881226,0.0
1281,-5.100395719637163e-05,0.3793637156486511,0.0
1282,0.22981129586696625,0.3978242874145508,0.0
1283,0.5972791910171509,0.43445885181427,0.0
1284,0.34443366527557373,0.3774406313896179,0.0
1285,0.17931503057479858,0.37943536043167114,0.0
1286,-0.06411363184452057,0.0,1.0
1287,-0.07990222424268723,0.0,1.0
1288,-0.07989310473203659,0.0,1.0
1289,-0.07989310473203659,0.0,1.0
1290,-0.07989310473203659,0.0,1.0
1291,-0.07989310473203659,0.0,1.0
1292,-0.07989310473203659,0.0,1.0
1293,-0.07989310473203659,0.0,1.0
1294,-0.07989310473203659,0.0,1.0
1295,-0.07989310473203659,0.0,1.0
1296,-0.07989310473203659,0.0,1.0
1297,-0.07989310473203659,0.0,1.0
1298,-0.07989310473203659,0.0,1.0
1299,-0.07989310473203659,0.0,1.0
1300,-0.07989310473203659,0.0,1.0
1301,-0.07989310473203659,0.0,1.0
1302,-0.07989310473203659,0.0,1.0
1303,-0.07989310473203659,0.0,1.0
1304,-0.083658367395401,0.699999988079071,0.0
1305,0.040246494114398956,0.40863311290740967,0.0
1306,-0.0044227661564946175,0.38095617294311523,0.0
1307,-0.003786343615502119,0.3881993889808655,0.0
1308,0.0011458734516054392,0.699999988079071,0.0
1309,0.06081657484173775,0.6701595783233643,0.0
1310,0.06407926231622696,0.6599755883216858,0.0
1311,0.06412007659673691,0.6568338871002197,0.0
1312,0.0636044293642044,0.6552432179450989,0.0
1313,0.055093154311180115,0.6549466848373413,0.0
1314,0.024283625185489655,0.6238061189651489,0.0
1315,-8.230097591876984e-06,0.61924147605896,0.0
1316,0.0017720572650432587,0.5100371241569519,0.0
1317,-0.0010126291308552027,0.376384437084198,0.0
1318,0.3242090046405792,0.40113985538482666,0.0
1319,0.5438411831855774,0.4150470495223999,0.0
1320,0.3272636830806732,0.3758534789085388,0.0
1321,0.18061622977256775,0.37806594371795654,0.0
1322,0.005093522369861603,0.3794745206832886,0.0
1323,-0.06015951186418533,0.0,1.0
1324,-0.05154520645737648,0.0,1.0
1325,-0.051548127084970474,0.0,1.0
1326,-0.051548127084970474,0.0,1.0
1327,-0.051548127084970474,0.0,1.0
1328,-0.051548127084970474,0.0,1.0
1329,-0.051548127084970474,0.0,1.0
1330,-0.051548127084970474,0.0,1.0
1331,-0.051548127084970474,0.0,1.0
1332,-0.051548127084970474,0.0,1.0
1333,-0.051548127084970474,0.0,1.0
1334,-0.051548127084970474,0.0,1.0
1335,-0.051548127084970474,0.0,1.0
1336,-0.051548127084970474,0.0,1.0
1337,-0.051548127084970474,0.0,1.0
1338,-0.051548127084970474,0.0,1.0
1339,-0.051548127084970474,0.0,1.0
1340,-0.051548127084970474,0.0,1.0
1341,-0.051548127084970474,0.0,1.0
1342,-0.051548127084970474,0.0,1.0
1343,-0.051548127084970474,0.0,1.0
1344,-0.051548127084970474,0.0,1.0
1345,-0.051548127084970474,0.0,1.0
1346,-0.051548127084970474,0.0,1.0
1347,-0.051548127084970474,0.0,1.0
1348,-0.051548127084970474,0.0,1.0
1349,-0.051548127084970474,0.0,1.0
1350,-0.051548127084970474,0.0,1.0
1351,-0.051548127084970474,0.0,1.0
1352,-0.051548127084970474,0.0,1.0
1353,-0.051548127084970474,0.0,1.0
1354,-0.03322979062795639,0.699999988079071,0.0
1355,0.06178326532244682,0.47734278440475464,0.0
1356,0.2692820429801941,0.39943110942840576,0.0
1357,0.3422524929046631,0.3925648331642151,0.0
1358,0.3350701332092285,0.36864137649536133,0.0
1359,0.20245464146137238,0.37780290842056274,0.0
1360,0.06337733566761017,0.37590235471725464,0.0
1361,-0.015564091503620148,0.37948501110076904,0.0
1362,0.001620762050151825,0.37936943769454956,0.0
1363,0.00041893962770700455,0.38146501779556274,0.0
1364,0.0002218609442934394,0.38575202226638794,0.0
1365,0.00011097022797912359,0.38604170083999634,0.0
1366,-0.03602848947048187,0.3866102695465088,0.0
1367,-0.0677921250462532,0.38574737310409546,0.0
1368,-0.07536318898200989,0.3842272162437439,0.0
1369,-0.07422774285078049,0.38310348987579346,0.0
1370,-0.07121676206588745,0.3816654682159424,0.0
1371,-0.06830445677042007,0.38002651929855347,0.0
1372,-0.06692719459533691,0.3784560561180115,0.0
1373,-0.06607318669557571,0.37665611505508423,0.0
1374,-0.06683710217475891,0.3752704858779907,0.0
1375,-0.06606315076351166,0.37376314401626587,0.0
1376,-0.06580422818660736,0.3736743927001953,0.0
1377,-0.06592891365289688,0.3735734820365906,0.0
1378,-0.06562675535678864,0.3733029365539551,0.0
1379,-0.06602704524993896,0.37343043088912964,0.0
1380,-0.06710291653871536,0.3738067150115967,0.0
1381,-0.06604891270399094,0.3736962080001831,0.0
1382,-0.06283774971961975,0.37334269285202026,0.0
1383,0.01018456369638443,0.3729856014251709,0.0
1384,-0.06540647149085999,0.37118005752563477,0.0
1385,-0.174245685338974,0.37811601161956787,0.0
1386,-0.1900607794523239,0.3783777356147766,0.0
1387,-0.1690916121006012,0.37702882289886475,0.0
1388,-0.1487201750278473,0.37798601388931274,0.0
1389,-0.1415746808052063,0.37515348196029663,0.0
1390,-0.13447147607803345,0.37827473878860474,0.0
1391,-0.0960802286863327,0.37907910346984863,0.0
1392,0.0006630681455135345,0.379396915435791,0.0
1393,-0.0014078300446271896,0.3793717622756958,0.0
1394,0.0983416885137558,0.3804358243942261,0.0
1395,0.1329629123210907,0.3812066912651062,0.0
1396,0.10967008769512177,0.380929172039032,0.0
1397,0.0695381909608841,0.3788754343986511,0.0
1398,0.05961877852678299,0.3792908191680908,0.0
1399,-0.10556665062904358,0.3816657066345215,0.0
1400,-0.15317769348621368,0.3824464678764343,0.0
1401,-0.1640763282775879,0.38372230529785156,0.0
1402,-0.18759723007678986,0.38307154178619385,0.0
1403,-0.20489832758903503,0.38715434074401855,0.0
1404,-0.2459229826927185,0.39427781105041504,0.0
1405,-0.2198474258184433,0.3861081600189209,0.0
1406,-0.2536683678627014,0.3845503330230713,0.0
1407,-0.26005083322525024,0.3855680823326111,0.0
1408,-0.22702443599700928,0.3836805820465088,0.0
1409,-0.24663639068603516,0.3840782642364502,0.0
1410,-0.2441907376050949,0.3837736248970032,0.0
1411,-0.22865572571754456,0.3824034333229065,0.0
1412,-0.21980278193950653,0.3824031352996826,0.0
1413,-0.18828964233398438,0.380134642124176,0.0
1414,-0.10196846723556519,0.38096708059310913,0.0
1415,0.07249128818511963,0.381081759929657,0.0
1416,0.13202393054962158,0.3805510401725769,0.0
1417,0.10931894928216934,0.3793325424194336,0.0
1418,0.07563602179288864,0.3800175189971924,0.0
1419,0.04403422400355339,0.3791775107383728,0.0
1420,-0.013019268400967121,0.37935203313827515,0.0
1421,0.006837218534201384,0.37937355041503906,0.0
1422,0.05617398023605347,0.3812221884727478,0.0
1423,0.288873553276062,0.40095919370651245,0.0
1424,0.28542250394821167,0.3987816572189331,0.0
1425,0.2840210795402527,0.38386625051498413,0.0
1426,0.18686895072460175,0.38231778144836426,0.0
1427,0.09915976226329803,0.38490575551986694,0.0
1428,-0.026227161288261414,0.3862379789352417,0.0
1429,0.05086517333984375,0.3863232731819153,0.0
1430,0.06596745550632477,0.38646847009658813,0.0
1431,0.09128036350011826,0.38737839460372925,0.0
1432,0.09285914152860641,0.38676369190216064,0.0
1433,0.08526238054037094,0.3863489031791687,0.0
1434,0.07935059070587158,0.386047899723053,0.0
1435,0.07437602430582047,0.386233925819397,0.0
1436,0.07416877895593643,0.38408470153808594,0.0
1437,0.07384533435106277,0.38227105140686035,0.0
1438,0.07351706922054291,0.38051944971084595,0.0
1439,0.07286415994167328,0.3786332607269287,0.0
1440,0.07272861152887344,0.3770180940628052,0.0
1441,0.07241496443748474,0.3754394054412842,0.0
1442,0.07290324568748474,0.3736265301704407,0.0
1443,0.06374190747737885,0.37247949838638306,0.0
1444,-0.002479560673236847,0.37269753217697144,0.0
1445,0.0004955152980983257,0.37267935276031494,0.0
1446,0.00016583525575697422,0.3765513300895691,0.0
1447,0.00018861924763768911,0.37936538457870483,0.0
1448,0.00011558798723854125,0.3793641924858093,0.0
1449,-0.0008471558685414493,0.699999988079071,0.0
1450,0.08201482146978378,0.4136476516723633,0.0
1451,0.3102671205997467,0.3958325982093811,0.0
1452,0.35579773783683777,0.38543033599853516,0.0
1453,0.2675691246986389,0.37493908405303955,0.0
1454,0.18065011501312256,0.37936925888061523,0.0
1455,-0.02349751442670822,0.3796226978302002,0.0
1456,0.001637529581785202,0.3793790936470032,0.0
1457,0.0012026247568428516,0.3793654441833496,0.0
1458,0.0005109123885631561,0.37936651706695557,0.0
1459,0.07013026624917984,0.37997132539749146,0.0
1460,0.07625571638345718,0.37961459159851074,0.0
1461,0.0830189436674118,0.37993574142456055,0.0
1462,0.11783267557621002,0.3797931671142578,0.0
1463,0.12735435366630554,0.38246309757232666,0.0
1464,0.08931277692317963,0.3790285587310791,0.0
1465,-0.09318190068006516,0.3822583556175232,0.0
1466,-0.13366687297821045,0.3813828229904175,0.0
1467,-0.12925660610198975,0.38071268796920776,0.0
1468,-0.11909234523773193,0.38050180673599243,0.0
1469,-0.12531043589115143,0.38061702251434326,0.0
1470,-0.12570948898792267,0.3804854154586792,0.0
1471,-0.12664008140563965,0.37996333837509155,0.0
1472,-0.11850079894065857,0.3798711895942688,0.0
1473,-0.1199922040104866,0.3805961608886719,0.0
1474,-0.11186111718416214,0.3802419900894165,0.0
1475,-0.11335050314664841,0.38006430864334106,0.0
1476,-0.11236220598220825,0.38028937578201294,0.0
1477,-0.11633119732141495,0.38037562370300293,0.0
1478,-0.12056080251932144,0.3804243803024292,0.0
1479,-0.13145919144153595,0.38073134422302246,0.0
1480,-0.1270926594734192,0.380707323551178,0.0
1481,-0.13071957230567932,0.38045138120651245,0.0
1482,-0.12437769770622253,0.38103407621383667,0.0
1483,-0.12293677777051926,0.38029807806015015,0.0
1484,-0.1201762855052948,0.38033074140548706,0.0
1485,-0.11254159361124039,0.38018667697906494,0.0
1486,-0.11276334524154663,0.3802585005760193,0.0
1487,-0.11472669243812561,0.380149781703949,0.0
1488,-0.1177448257803917,0.38039106130599976,0.0
1489,-0.12196649610996246,0.38068366050720215,0.0
1490,-0.1307131052017212,0.3806973695755005,0.0
1491,-0.13377295434474945,0.3809974193572998,0.0
1492,-0.1308702528476715,0.3804703950881958,0.0
1493,-0.12602394819259644,0.3804665207862854,0.0
1494,-0.12186431884765625,0.38038909435272217,0.0
1495,-0.11539827287197113,0.3802981972694397,0.0
1496,-0.1122385710477829,0.38023316860198975,0.0
1497,-0.11423012614250183,0.3801653981208801,0.0
1498,-0.11966870725154877,0.3804147243499756,0.0
1499,-0.1239602118730545,0.38064515590667725,0.0
1500,-0.130111426115036,0.3808023929595947,0.0
1501,-0.13299131393432617,0.38072001934051514,0.0
1502,-0.12555299699306488,0.38035887479782104,0.0
1503,-0.12536770105361938,0.38029056787490845,0.0
1504,-0.12090451270341873,0.380393385887146,0.0
1505,-0.11538095772266388,0.3800011873245239,0.0
1506,-0.1153516173362732,0.38012850284576416,0.0
1507,-0.11867263913154602,0.3805629014968872,0.0
1508,-0.12144307792186737,0.38039761781692505,0.0
1509,-0.1263209730386734,0.3803626298904419,0.0
1510,-0.12966224551200867,0.3808514475822449,0.0
1511,-0.12325268983840942,0.3803364634513855,0.0
1512,0.07052291184663773,0.3812136650085449,0.0
1513,0.10254854708909988,0.38043099641799927,0.0
1514,0.09918414801359177,0.38063526153564453,0.0
1515,0.08183053135871887,0.3795250654220581,0.0
1516,0.06151747703552246,0.3794112205505371,0.0
1517,0.053832948207855225,0.37949174642562866,0.0
1518,0.026082787662744522,0.3793465495109558,0.0
1519,-0.005523468367755413,0.379364013671875,0.0
1520,0.002197002060711384,0.379364550113678,0.0
1521,-0.0003916894784197211,0.37940555810928345,0.0
1522,-0.004450279287993908,0.0,1.0
1523,-0.004449742846190929,0.0,1.0
1524,-0.004449742846190929,0.0,1.0
1525,-0.004449742846190929,0.0,1.0
1526,-0.004449742846190929,0.0,1.0
1527,-0.004449742846190929,0.0,1.0
1528,-0.004449742846190929,0.0,1.0
1529,-0.004449742846190929,0.0,1.0
1530,-0.004449742846190929,0.0,1.0
1531,-0.004449742846190929,0.0,1.0
1532,-0.004449742846190929,0.0,1.0
1533,-0.004689738154411316,0.699999988079071,0.0
1534,0.18334394693374634,0.38810837268829346,0.0
1535,0.2850240170955658,0.39310216903686523,0.0
1536,0.4441829323768616,0.40095430612564087,0.0
1537,0.25508612394332886,0.39514070749282837,0.0
1538,0.16093596816062927,0.421053409576416,0.0
1539,-0.011751323938369751,0.45075899362564087,0.0
1540,0.002279937267303467,0.5866113305091858,0.0
1541,0.0021970588713884354,0.5192939639091492,0.0
1542,-0.01692071743309498,0.0,1.0
1543,-0.016911597922444344,0.0,1.0
1544,-0.01690623164176941,0.0,1.0
1545,-0.016900330781936646,0.0,1.0
1546,-0.01689550280570984,0.0,1.0
1547,-0.016886381432414055,0.0,1.0
1548,-0.016881553456187248,0.0,1.0
1549,-0.016875652596354485,0.0,1.0
1550,-0.016869213432073593,0.0,1.0
1551,-0.016861703246831894,0.0,1.0
1552,0.0020515206269919872,0.4298493266105652,0.0
1553,0.002726232632994652,0.37947946786880493,0.0
1554,-0.0031287719029933214,0.37936586141586304,0.0
1555,0.010601923801004887,0.0,1.0
1556,0.010602341033518314,0.0,1.0
1557,0.010602341033518314,0.0,1.0
1558,0.010602341033518314,0.0,1.0
1559,0.0764039009809494,0.419208288192749,0.0
1560,0.22451543807983398,0.38954126834869385,0.0
1561,0.2882224917411804,0.38662612438201904,0.0
1562,0.27260929346084595,0.39354777336120605,0.0
1563,0.22229094803333282,0.3806931972503662,0.0
1564,0.15826791524887085,0.3796517848968506,0.0
1565,-0.0006607770919799805,0.37940794229507446,0.0
1566,0.00045309029519557953,0.3793679475784302,0.0
1567,0.0014585270546376705,0.1988040804862976,0.0
1568,-0.0003663640236482024,0.19982223212718964,0.0
1569,0.000910979404579848,0.0,1.0
1570,0.09734974801540375,0.699999988079071,0.0
1571,0.5042225122451782,0.45111650228500366,0.0
1572,0.2791184186935425,0.36771029233932495,0.0
1573,0.20593616366386414,0.38017332553863525,0.0
1574,0.17301641404628754,0.37988895177841187,0.0
1575,0.05100877583026886,0.37750357389450073,0.0
1576,-0.02028876543045044,0.3795340061187744,0.0
1577,-0.010773926973342896,0.3795270323753357,0.0
1578,-0.02758735418319702,0.3795219659805298,0.0
1579,-0.02758735418319702,0.3795219659805298,0.0
1580,-0.04848712310194969,0.3795219659805298,0.0
1581,-0.04848712310194969,0.3795219659805298,0.0
1582,-0.04848712310194969,0.3795219659805298,0.0
1583,-0.0774441510438919,0.3795219659805298,0.0
1584,-0.0774441510438919,0.3795219659805298,0.0
1585,-0.0774441510438919,0.3795219659805298,0.0
1586,-0.0774441510438919,0.3795219659805298,0.0
1587,-0.11921898275613785,0.3795219659805298,0.0
1588,0.800000011920929,0.5016845464706421,0.0
1589,0.08970853686332703,0.39506208896636963,0.0
1590,0.0024815574288368225,0.3794671893119812,0.0
1591,0.06724575161933899,0.37973201274871826,0.0
1592,0.17154695093631744,0.43076926469802856,0.0
1593,0.3434275984764099,0.4216032028198242,0.0
1594,0.37350574135780334,0.40751850605010986,0.0
1595,0.18198905885219574,0.43681812286376953,0.0
1596,0.11342842876911163,0.4699963331222534,0.0
1597,-0.010221414268016815,0.5242109298706055,0.0
1598,0.0008941935375332832,0.5427430868148804,0.0
1599,0.000783644150942564,0.3960665464401245,0.0
1600,0.00021787104196846485,0.39238083362579346,0.0
1601,-0.0005869495216757059,0.39239346981048584,0.0
1602,-0.004529055207967758,0.3825056552886963,0.0
1603,0.0023335269652307034,0.37936246395111084,0.0
1604,-0.0082717789337039,0.0,1.0
1605,-0.0082717789337039,0.0,1.0
1606,-0.0082717789337039,0.0,1.0
1607,-0.0082717789337039,0.0,1.0
1608,-0.0082717789337039,0.0,1.0
1609,-0.0082717789337039,0.0,1.0
1610,-0.0082717789337039,0.0,1.0
1611,-0.0082717789337039,0.0,1.0
1612,-0.01049470528960228,0.699999988079071,0.0
1613,0.0018725947011262178,0.37817108631134033,0.0
1614,-0.0024635866284370422,0.18882642686367035,0.0
1615,-0.006968080066144466,0.0,1.0
1616,-0.006965397857129574,0.0,1.0
1617,-0.006969153415411711,0.0,1.0
1618,-0.006969689857214689,0.0,1.0
1619,-0.006975054740905762,0.0,1.0
1620,-0.00697827385738492,0.0,1.0
1621,-0.0069825658574700356,0.0,1.0
1622,-0.006980837322771549,0.0,1.0
1623,-0.006980837322771549,0.0,1.0
1624,-0.006980837322771549,0.0,1.0
1625,-0.006982029415667057,0.0,1.0
1626,-0.006982029415667057,0.0,1.0
1627,-0.006982029415667057,0.0,1.0
1628,-0.006982029415667057,0.0,1.0
1629,-0.006982029415667057,0.0,1.0
1630,-0.006982029415667057,0.0,1.0
1631,-0.006982029415667057,0.0,1.0
1632,-0.006982029415667057,0.0,1.0
1633,-0.006982029415667057,0.0,1.0
1634,-0.006982029415667057,0.0,1.0
1635,-0.006982029415667057,0.0,1.0
1636,-0.006982029415667057,0.0,1.0
1637,-0.006982029415667057,0.0,1.0
1638,-0.006982029415667057,0.0,1.0
1639,-0.006982029415667057,0.0,1.0
1640,-0.006982029415667057,0.0,1.0
1641,-0.006982029415667057,0.0,1.0
1642,-0.006982029415667057,0.0,1.0
1643,-0.006982029415667057,0.0,1.0
1644,-0.006982029415667057,0.0,1.0
1645,-0.006982029415667057,0.0,1.0
1646,-0.006982029415667057,0.0,1.0
1647,-0.006982029415667057,0.0,1.0
1648,2.5231089239241555e-05,0.380562424659729,0.0
1649,0.0001490107533754781,0.379367470741272,0.0
1650,0.0001293747773161158,0.3793684244155884,0.0
1651,0.05380336195230484,0.38047921657562256,0.0
1652,0.13536465167999268,0.38292616605758667,0.0
1653,0.13587415218353271,0.3814328908920288,0.0
1654,0.09368881583213806,0.3795945644378662,0.0
1655,0.06587158143520355,0.37951749563217163,0.0
1656,-0.12242776900529861,0.38143837451934814,0.0
1657,-0.14639393985271454,0.3828336000442505,0.0
1658,-0.17332366108894348,0.3818756937980652,0.0
1659,-0.176607146859169,0.38218075037002563,0.0
1660,-0.22390130162239075,0.3804973363876343,0.0
1661,-0.2613943815231323,0.3852241039276123,0.0
1662,-0.21689079701900482,0.38477516174316406,0.0
1663,-0.25380390882492065,0.3860502243041992,0.0
1664,-0.2698277235031128,0.3854256868362427,0.0
1665,-0.24446949362754822,0.3845338225364685,0.0
1666,-0.23801609873771667,0.38363778591156006,0.0
1667,-0.24132908880710602,0.38377606868743896,0.0
1668,-0.22995857894420624,0.3829362392425537,0.0
1669,-0.2235189825296402,0.38192105293273926,0.0
1670,-0.1967860460281372,0.3830069899559021,0.0
1671,-0.13697832822799683,0.3801354169845581,0.0
1672,0.09959274530410767,0.3813210129737854,0.0
1673,0.12525136768817902,0.3810213804244995,0.0
1674,0.10618869960308075,0.3801316022872925,0.0
1675,0.07478181272745132,0.3792790174484253,0.0
1676,0.039851706475019455,0.37923097610473633,0.0
1677,-0.010518671944737434,0.3793656826019287,0.0
1678,0.012861249968409538,0.0,1.0
1679,0.014118294231593609,0.699999988079071,0.0
1680,-0.0040251268073916435,0.3867989778518677,0.0
1681,-0.0014628435019403696,0.37935513257980347,0.0
1682,0.0026268635410815477,0.3793656826019287,0.0
1683,-0.0019228210439905524,0.0,1.0
1684,-0.0019228210439905524,0.0,1.0
1685,-0.0019233576022088528,0.0,1.0
1686,-0.0019233576022088528,0.0,1.0
1687,-0.0023324850481003523,0.699999988079071,0.0
1688,0.11499068140983582,0.40218091011047363,0.0
1689,0.3227817714214325,0.3992273807525635,0.0
1690,0.3613045811653137,0.3937106728553772,0.0
1691,0.28899484872817993,0.38428568840026855,0.0
1692,0.18345585465431213,0.3820182681083679,0.0
1693,-0.025583237409591675,0.3854444622993469,0.0
1694,-0.0023545362055301666,0.699999988079071,0.0
1695,0.050783295184373856,0.6743359565734863,0.0
1696,0.07140475511550903,0.659993052482605,0.0
1697,0.0662744864821434,0.6571758985519409,0.0
1698,0.06359544396400452,0.6559011340141296,0.0
1699,0.05547435209155083,0.6547814011573792,0.0
1700,0.028298769146203995,0.6368218660354614,0.0
1701,-0.00022730045020580292,0.619245171546936,0.0
1702,0.0014752664137631655,0.5091637372970581,0.0
1703,-0.0016881267074495554,0.382906973361969,0.0
1704,0.00043655745685100555,0.37936896085739136,0.0
1705,0.44634807109832764,0.4700762629508972,0.0
1706,0.473924458026886,0.4062759280204773,0.0
1707,0.2782081365585327,0.37763160467147827,0.0
1708,0.15602654218673706,0.3761467933654785,0.0
1709,0.004563093185424805,0.379432737827301,0.0
1710,-0.05215759202837944,0.0,1.0
1711,-0.04475977644324303,0.0,1.0
1712,-0.04475977644324303,0.0,1.0
1713,-0.01111443992704153,0.699999988079071,0.0
1714,0.005269186571240425,0.37936651706695557,0.0
1715,-0.0035961451940238476,0.37936776876449585,0.0
1716,0.004923352971673012,0.37936878204345703,0.0
1717,-0.004640372470021248,0.3793695569038391,0.0
1718,0.01833408884704113,0.3794235587120056,0.0
1719,0.06304879486560822,0.38001394271850586,0.0
1720,0.08141490817070007,0.37998104095458984,0.0
1721,0.07302817702293396,0.37951087951660156,0.0
1722,0.09614986181259155,0.3812780976295471,0.0
1723,0.11923284083604813,0.38097500801086426,0.0
1724,0.12349629402160645,0.38039064407348633,0.0
1725,0.07818513363599777,0.37939971685409546,0.0
1726,-0.07689064741134644,0.3809647560119629,0.0
1727,-0.12606406211853027,0.38063347339630127,0.0
1728,-0.13266392052173615,0.381039023399353,0.0
1729,-0.12520751357078552,0.3804265856742859,0.0
1730,-0.12075591832399368,0.3805338144302368,0.0
1731,-0.13005930185317993,0.3809168338775635,0.0
1732,-0.128403902053833,0.3799551725387573,0.0
1733,-0.11986643821001053,0.38181495666503906,0.0
1734,-0.11959297209978104,0.3797342777252197,0.0
1735,-0.11143255978822708,0.3805351257324219,0.0
1736,-0.11157942563295364,0.38039255142211914,0.0
1737,-0.11301784217357635,0.38026273250579834,0.0
1738,-0.1176491305232048,0.3803021311759949,0.0
1739,-0.12248118966817856,0.3806394338607788,0.0
1740,-0.12484893947839737,0.3805397152900696,0.0
1741,-0.12955231964588165,0.38060903549194336,0.0
1742,-0.12899336218833923,0.380446195602417,0.0
1743,-0.12740041315555573,0.3805365562438965,0.0
1744,-0.12375080585479736,0.3808273673057556,0.0
1745,-0.12170125544071198,0.38050907850265503,0.0
1746,-0.11687306314706802,0.38024020195007324,0.0
1747,-0.11279931664466858,0.38013750314712524,0.0
1748,-0.11411256343126297,0.38020288944244385,0.0
1749,-0.11587590724229813,0.38030821084976196,0.0
1750,-0.11796286702156067,0.38046926259994507,0.0
1751,-0.13011667132377625,0.38054805994033813,0.0
1752,-0.13852322101593018,0.38068413734436035,0.0
1753,-0.12985050678253174,0.38092613220214844,0.0
1754,-0.12642744183540344,0.380165696144104,0.0
1755,0.100062794983387,0.3816260099411011,0.0
1756,0.13559605181217194,0.38109785318374634,0.0
1757,0.10807625204324722,0.37917786836624146,0.0
1758,0.062089353799819946,0.3794112801551819,0.0
1759,0.0015211310237646103,0.37934035062789917,0.0
1760,0.001163274748250842,0.3793656826019287,0.0
1761,0.0020791024435311556,0.3793684244155884,0.0
1762,-0.002259434899315238,0.37935543060302734,0.0
1763,-0.006526539567857981,0.0,1.0
1764,-0.006526539567857981,0.0,1.0
1765,-0.006526539567857981,0.0,1.0
1766,-0.006526539567857981,0.0,1.0
1767,-0.006526539567857981,0.0,1.0
1768,-0.006526539567857981,0.0,1.0
1769,-0.006526539567857981,0.0,1.0
1770,-0.008123848587274551,0.699999988079071,0.0
1771,0.1252303272485733,0.40203094482421875,0.0
1772,0.28452301025390625,0.40017497539520264,0.0
1773,0.3202666640281677,0.4033811688423157,0.0
1774,0.27223092317581177,0.3793012499809265,0.0
1775,0.17373989522457123,0.3792504072189331,0.0
1776,-0.03312253952026367,0.379615843296051,0.0
1777,0.0016301199793815613,0.37939053773880005,0.0
1778,-0.03476743772625923,0.0,1.0
1779,-0.03476743772625923,0.0,1.0
1780,-0.03476743772625923,0.0,1.0
1781,-0.03476743772625923,0.0,1.0
1782,-0.008688327856361866,0.3850286602973938,0.0
1783,-0.06623216718435287,0.38149088621139526,0.0
1784,-0.12195917963981628,0.38142693042755127,0.0
1785,-0.21729379892349243,0.38583898544311523,0.0
1786,-0.24550224840641022,0.3838300108909607,0.0
1787,-0.22712372243404388,0.3782459497451782,0.0
1788,-0.15675322711467743,0.3775230646133423,0.0
1789,-0.08256620168685913,0.3776376247406006,0.0
1790,0.017392821609973907,0.3793289065361023,0.0
1791,-0.05002005398273468,0.37964314222335815,0.0
1792,-0.05503362789750099,0.37963056564331055,0.0
1793,-0.057937391102313995,0.3796344995498657,0.0
1794,-0.05932312086224556,0.37961506843566895,0.0
1795,-0.05888815596699715,0.3796176314353943,0.0
1796,-0.05891415476799011,0.37961679697036743,0.0
1797,-0.061175812035799026,0.699999988079071,0.0
1798,-0.06996467709541321,0.699999988079071,0.0
1799,-0.07716313004493713,0.699999988079071,0.0
1800,-0.07524125277996063,0.699999988079071,0.0
1801,-0.07343577593564987,0.699999988079071,0.0
1802,-0.06893955171108246,0.699999988079071,0.0
1803,0.005383346229791641,0.6438427567481995,0.0
1804,-0.00023799389600753784,0.6343916058540344,0.0
1805,-0.00029154354706406593,0.6488530039787292,0.0
1806,-6.0702499467879534e-05,0.6488900184631348,0.0
1807,-0.02802255004644394,0.6299659609794617,0.0
1808,-0.05022284388542175,0.6234479546546936,0.0
1809,-0.052484817802906036,0.6241528391838074,0.0
1810,-0.052079908549785614,0.0,0.09076740592718124
1811,-0.04265676811337471,0.4524388313293457,0.0
1812,0.013452518731355667,0.0,0.6680651307106018
1813,-0.0077297622337937355,0.3658522367477417,0.0
1814,0.0008326501701958477,0.0,1.0
1815,0.0008326501701958477,0.0,1.0
1816,0.0008326501701958477,0.0,1.0
1817,0.0008326501701958477,0.0,1.0
1818,0.0008326501701958477,0.0,1.0
1819,0.0008326501701958477,0.0,1.0
1820,0.0008326501701958477,0.0,1.0
1821,0.0008326501701958477,0.0,1.0
1822,0.0008326501701958477,0.0,1.0
1823,0.0008326501701958477,0.0,1.0
1824,0.0008326501701958477,0.0,1.0
1825,0.0008326501701958477,0.0,1.0
1826,0.0008326501701958477,0.0,1.0
1827,0.0008326501701958477,0.0,1.0
1828,0.0008326501701958477,0.0,1.0
1829,0.0008326501701958477,0.0,1.0
1830,0.0008326501701958477,0.0,1.0
1831,0.0008326501701958477,0.0,1.0
1832,0.0008326501701958477,0.0,1.0
1833,0.0008326501701958477,0.0,1.0
1834,0.0008326501701958477,0.0,1.0
1835,0.0008326501701958477,0.0,1.0
1836,0.0008326501701958477,0.0,1.0
1837,0.0008326501701958477,0.0,1.0
1838,0.0008326501701958477,0.0,1.0
1839,0.0008326501701958477,0.0,1.0
1840,0.0008326501701958477,0.0,1.0
1841,0.0008326501701958477,0.0,1.0
1842,0.0008326501701958477,0.0,1.0
1843,0.0008326501701958477,0.0,1.0
1844,0.0008326501701958477,0.0,1.0
1845,0.0008326501701958477,0.0,1.0
1846,0.0008326501701958477,0.0,1.0
1847,0.0008326501701958477,0.0,1.0
1848,0.0008326501701958477,0.0,1.0
1849,0.0008326501701958477,0.0,1.0
1850,0.0008326501701958477,0.0,1.0
1851,0.0008326501701958477,0.0,1.0
1852,0.0008326501701958477,0.0,1.0
1853,0.0008326501701958477,0.0,1.0
1854,0.0008326501701958477,0.0,1.0
1855,0.0008326501701958477,0.0,1.0
1856,0.0008326501701958477,0.0,1.0
1857,0.0008326501701958477,0.0,1.0
1858,0.0008326501701958477,0.0,1.0
1859,0.0008326501701958477,0.0,1.0
1860,-6.693785508105066e-07,0.39422160387039185,0.0
1861,-7.470840159840009e-07,0.3941831588745117,0.0
1862,2.1460057268996025e-06,0.0,1.0
1863,5.365014317249006e-07,0.0,1.0
1864,5.365014317249006e-07,0.0,1.0
1865,5.365014317249006e-07,0.0,1.0
1866,5.365014317249006e-07,0.0,1.0
1867,5.365014317249006e-07,0.0,1.0
1868,5.365014317249006e-07,0.0,1.0
1869,5.365014317249006e-07,0.0,1.0
1870,5.365014317249006e-07,0.0,1.0
1871,5.365014317249006e-07,0.0,1.0
1872,5.365014317249006e-07,0.0,1.0
1873,2.125558694388019e-06,0.699999988079071,0.0
1874,4.451049790077377e-06,0.38071000576019287,0.0
1875,-3.1870699785940815e-06,0.3875585198402405,0.0
1876,-1.064926982508041e-05,0.407639741897583,0.0
1877,-1.7961254343390465e-05,0.3780829906463623,0.0
1878,-1.591627369634807e-05,0.3614056706428528,0.0
1879,-1.7173497326439247e-05,0.3654559850692749,0.0
1880,1.2680005056608934e-05,0.6716664433479309,0.0
1881,-0.00024399301037192345,0.3764674663543701,0.0
1882,-0.03436317667365074,0.3795415759086609,0.0
1883,-0.05014999210834503,0.37965965270996094,0.0
1884,-0.05491230636835098,0.37961381673812866,0.0
1885,-0.054869093000888824,0.3795844316482544,0.0
1886,-0.05296345800161362,0.37954747676849365,0.0
1887,-0.051052339375019073,0.3795294165611267,0.0
1888,-0.050340767949819565,0.37953782081604004,0.0
1889,-0.05076199397444725,0.699999988079071,0.0
1890,-0.06004752963781357,0.699999988079071,0.0
1891,-0.0666598230600357,0.699999988079071,0.0
1892,-0.0665716677904129,0.699999988079071,0.0
1893,-0.06790706515312195,0.699999988079071,0.0
1894,-0.06750927865505219,0.699999988079071,0.0
1895,-0.05929318070411682,0.699999988079071,0.0
1896,0.000668548047542572,0.6344300508499146,0.0
1897,-0.00023623229935765266,0.640367329120636,0.0
1898,-0.00013893586583435535,0.6488884091377258,0.0
1899,-0.006244229152798653,0.6489502191543579,0.0
1900,-0.027524253353476524,0.622469425201416,0.0
1901,-0.039876025170087814,0.45862895250320435,0.0
1902,0.010550379753112793,0.0,0.7854641675949097
1903,-0.0074965632520616055,0.3657987713813782,0.0
1904,0.001183522050268948,0.0,1.0
1905,0.0017341743223369122,0.37811076641082764,0.0
1906,0.00010874809231609106,0.3792533874511719,0.0
1907,-0.001425009686499834,0.37936699390411377,0.0
1908,0.0024010795168578625,0.37936896085739136,0.0
1909,0.00043106998782604933,0.3793655037879944,0.0
1910,-0.0017666287021711469,0.37936586141586304,0.0
1911,0.0030735027976334095,0.3793678283691406,0.0
1912,-4.612875636667013e-05,0.3793666958808899,0.0
1913,-0.0016370631055906415,0.37936675548553467,0.0
